WIPER [7.9 Hz] b'46184.0 1 1 11.0  0.0  0.0  1.0  0.0 75.5 57 50.0 59.0 129 50.0  0.0  1.0 -10.0  0.7\n'
WIPER b'46272.0 1 1  9.2  0.0  0.0  1.0  0.0 65.4 57 -30.0 61.5 129 30.0  0.0  1.0 -11.9  0.7\n'
WIPER [9.1 Hz] b'46361.0 1 1 12.4  0.0  0.0  1.0  0.0 51.6 -105 -30.0 62.1 65 30.0  0.0  1.0 -8.5  0.7\n'
WIPER [9.0 Hz] b'46451.0 1 1 12.4  0.0  0.0  1.0  0.0 -3.8 -105 50.0 31.6 65 50.0  0.0  1.0 -9.8  0.7\n'
WIPER [12.5 Hz] b'46539.0 1 1 12.4  0.0  0.0  1.0  0.0 -23.3 43 50.0  4.8 157 50.0  0.0  1.0 -4.8  0.7\n'
WIPER [9.1 Hz] b'46628.0 1 1 12.4  0.0  0.0  1.0  0.0 13.6 43 50.0 33.9 157 50.0  0.0  1.0 10.1  0.7\n'
WIPER [9.1 Hz] b'46714.0 1 1 12.4  0.0  0.0  1.0  0.0 18.7 67 30.0 56.2 -15 -30.0  0.0  1.0 -4.9  0.7\n'
WIPER b'46803.0 1 1 12.4  0.0  0.0  1.0  0.0 20.3 67 50.0  5.8 -15 50.0  0.0  1.0  3.6  0.7\n'
WIPER [7.7 Hz] b'46891.0 1 1 12.4  0.0  0.0  1.0  0.0  9.8 149 50.0 -8.8 103 50.0  0.0  1.0 -3.3  0.7\n'
WIPER [10.5 Hz] b'46980.0 1 1 12.4  0.0  0.0  1.0  0.0 31.0 149 50.0 26.2 103 50.0  0.0  1.0 -6.4  0.7\n'
WIPER [10.6 Hz] b'47068.0 1 1 10.3  0.0  0.0  1.0  0.0 57.1 135 50.0 33.9 137 50.0  0.0  1.0 -3.0  0.7\n'
WIPER [9.1 Hz] b'47157.0 1 1  9.0  0.0  0.0  1.0  0.0 63.7 135 50.0 45.4 137 50.0  0.0  1.0 -5.4  0.7\n'
WIPER b'47245.0 1 1 12.4  0.0  0.0  1.0  0.0 65.9 103 50.0 47.5 143 50.0  0.0  1.0 -11.5  0.8\n'
WIPER [7.9 Hz] b'47334.0 1 1 12.4  0.0  0.0  1.0  0.0 60.9 103 -30.0 48.3 143 30.0  0.0  1.0 -12.7  0.8\n'
WIPER [10.6 Hz] b'47424.0 1 1 12.4  0.0  0.0  1.0  0.0 55.7 -67 -30.0 50.1 103 30.0  0.0  1.0 -4.5  0.8\n'
WIPER [7.6 Hz] b'47514.0 1 1  9.3  0.0  0.0  1.0  0.0 -1.0 -67 50.0 35.5 103 50.0  0.0  1.0 -3.5  0.8\n'
WIPER [9.5 Hz] b'47602.0 1 1 12.4  0.0  0.0  1.0  0.0 -4.9 43 50.0 13.6 177 50.0  0.0  1.0 -3.8  0.8\n'
WIPER [10.5 Hz] b'47690.0 1 1 12.4  0.0  0.0  1.0  0.0 13.7 43 50.0 29.3 177 50.0  0.0  1.0 -9.2  0.8\n'
WIPER b'47777.0 1 1  8.2  0.0  0.0  1.0  0.0 13.8 117 50.0 52.2 173 50.0  0.0  1.0 -9.1  0.8\n'
WIPER [10.0 Hz] b'47865.0 1 1 12.4  0.0  0.0  1.0  0.0 31.0 117 50.0 59.1 173 50.0  0.0  1.0  8.1  0.8\n'
WIPER [7.4 Hz] b'47953.0 1 1 12.4  0.0  0.0  1.0  0.0 34.9 149 50.0 64.9 143 50.0  0.0  1.0  9.9  0.8\n'
WIPER [10.6 Hz] b'48043.0 1 1 12.4  0.0  0.0  1.0  0.0 47.5 149 50.0 60.1 143 50.0  0.0  1.0 14.0  0.8\n'
WIPER [10.6 Hz] b'48131.0 1 1 12.4  0.0  0.0  1.0  0.0 55.3 99 30.0 53.4 -23 -30.0  0.0  1.0 12.9  0.8\n'
WIPER b'48219.0 1 1 12.4  0.0  0.0  1.0  0.0 47.6 99 30.0  1.9 -23 -30.0  0.0  1.0 -3.9  0.8\n'
WIPER [7.9 Hz] b'48308.0 1 1 10.9  0.0  0.0  1.0  0.0 38.7 123 50.0 -9.7 97 50.0  0.0  1.0 -6.9  0.8\n'
WIPER [9.0 Hz] b'48395.0 1 1  9.1  0.0  0.0  1.0  0.0 44.2 123 50.0 21.6 97 50.0  0.0  1.0 -7.8  0.9\n'
WIPER [10.6 Hz] b'48482.0 1 1  9.5  0.0  0.0  1.0  0.0 54.9 115 50.0 15.7 167 50.0  0.0  1.0 -6.5  0.9\n'
WIPER [10.5 Hz] b'48570.0 1 1 12.4  0.0  0.0  1.0  0.0 57.2 115 50.0 35.9 167 50.0  0.0  1.0  8.4  0.9\n'
WIPER b'48659.0 1 1 12.4  0.0  0.0  1.0  0.0 65.0 85 50.0 55.3 157 50.0  0.0  1.0 -6.2  0.9\n'
WIPER [7.9 Hz] b'48746.0 1 1 10.3  0.0  0.0  1.0  0.0 58.9 85 50.0 62.8 157 50.0  0.0  1.0 -11.8  0.9\n'
WIPER [9.0 Hz] b'48835.0 1 1 12.4  0.0  0.0  1.0  0.0 51.3 -77 -30.0 62.0 95 30.0  0.0  1.0 -6.8  0.9\n'
WIPER [10.5 Hz] b'48923.0 1 1 11.8  0.0  0.0  1.0  0.0 -4.8 -77 50.0 33.9 95 50.0  0.0  1.0 -9.9  0.9\n'
WIPER [9.1 Hz] b'49010.0 1 1 12.4  0.0  0.0  1.0  0.0 -5.9 35 50.0 11.8 173 50.0  0.0  1.0 -7.0  1.0\n'
WIPER [9.0 Hz] b'49098.0 1 1 12.4  0.0  0.0  1.0  0.0 12.7 35 50.0 27.3 173 50.0  0.0  1.0 -11.0  1.0\n'
WIPER [63.9 Hz] b'49186.0 1 1 12.4  0.0  0.0  1.0  0.0 12.7 -49 -30.0 49.8 135 30.0  0.0  1.0 -6.4  1.0\n'
WIPER [10.6 Hz] b'49275.0 1 1 12.4  0.0  0.0  1.0  0.0 -8.6 -49 50.0 45.0 135 50.0  0.0  1.0  5.6  1.0\n'
WIPER [10.6 Hz] b'49364.0 1 1 10.2  0.0  0.0  1.0  0.0  0.0 51 50.0 32.9 171 50.0  0.0  1.0  2.4  1.0\n'
WIPER [7.0 Hz] b'49452.0 1 1 12.4  0.0  0.0  1.0  0.0 11.8 51 50.0 36.3 171 50.0  0.0  1.0  7.7  1.0\n'
WIPER [12.7 Hz] b'49539.0 1 1  9.7  0.0  0.0  1.0  0.0  0.0 151 50.0 45.1 181 50.0  0.0  1.0 12.2  1.0\n'
WIPER b'49628.0 1 1 12.4  0.0  0.0  1.0  0.0 23.3 151 30.0 44.6 181 -30.0  0.0  1.0 14.8  1.0\n'
WIPER [7.9 Hz] b'49717.0 1 1 12.4  0.0  0.0  1.0  0.0 27.9 157 30.0 51.0 19 -30.0  0.0  1.0 35.3  1.0\n'
WIPER [10.5 Hz] b'49805.0 1 1 12.4  0.0  0.0  1.0  0.0 39.7 157 30.0 12.6 19 -30.0  0.0  1.0 13.0  1.0\n'
WIPER [9.0 Hz] b'49893.0 1 1 12.4  0.0  0.0  1.0  0.0 52.4 113 30.0 -0.0 -41 -30.0  0.0  1.0 14.4  1.0\n'
WIPER [8.3 Hz] b'49983.0 1 1 12.4  0.0  0.0  1.0  0.0 50.8 113 30.0 -14.4 -41 -30.0  0.0  1.0  4.2  1.0\n'
WIPER [10.5 Hz] b'50073.0 1 1  9.4  0.0  0.0  1.0  0.0 45.4 123 50.0 -10.4 81 50.0  0.0  1.0 -6.0  1.0\n'
WIPER b'50161.0 1 1 12.4  0.0  0.0  1.0  0.0 44.6 123 50.0 17.4 81 50.0  0.0  1.0 -8.5  1.0\n'
WIPER [10.6 Hz] b'50249.0 1 1  9.4  0.0  0.0  1.0  0.0 50.1 23  0.0  6.9 69  0.0  0.0  1.0  2.2  1.0\n'
WIPER [7.6 Hz] b'50335.0 1 1 12.4  0.0  0.0  1.0  0.0 22.9 23  0.0  7.0 69  0.0  0.0  1.0 -10.4  1.0\n'
WIPER [9.6 Hz] b'50422.0 1 1 12.4  0.0  0.0  1.0  0.0  0.0 23  0.0 -0.0 69  0.0  0.0  1.0 -7.6  1.0\n'
WIPER [10.4 Hz] b'50508.0 1 1 12.4  0.0  0.0  1.0  0.0  0.0 23  0.0 -0.0 69  0.0  0.0  1.0 -7.1  1.0\n'
WIPER b'50595.0 1 1 12.4  0.0  0.0  1.0  0.0  0.0 23  0.0 -0.0 69  0.0  0.0  1.0 -6.8  1.0\n'
WIPER [9.2 Hz] b'50681.0 1 1 12.4  0.0  0.0  1.0  0.0  0.0 23  0.0 -0.0 69  0.0  0.0  1.0 -7.2  1.0\n'
WIPER [9.1 Hz] b'50767.0 1 1 12.4  0.0  0.0  1.0  0.0  0.0 23  0.0 -0.0 69  0.0  0.0  1.0 -7.2  1.0\n'
WIPER [9.1 Hz] b'50854.0 1 1 12.4  0.0  0.0  1.0  0.0  0.0 23  0.0 -0.0 69  0.0  0.0  1.0 -6.8  1.0\n'
WIPER [9.0 Hz] b'50940.0 1 1 12.4  0.0  0.0  1.0  0.0  0.0 23  0.0 -0.0 69  0.0  0.0  1.0 -6.9  1.0\n'
WIPER b'51026.0 1 1 12.4  0.0  0.0  1.0  0.0  0.0 23  0.0 -0.0 69  0.0  0.0  1.0 -7.1  1.0\n'
WIPER [9.6 Hz] b'51113.0 1 1 12.4  0.0  0.0  1.0  0.0  0.0 23  0.0 -0.0 69  0.0  0.0  1.0 -7.0  1.0\n'
WIPER [8.5 Hz] b'51200.0 1 1 12.4  0.0  0.0  1.0  0.0  0.0 23  0.0 -0.0 69  0.0  0.0  1.0 -6.7  1.0\n'
WIPER [9.1 Hz] b'51286.0 1 1 12.4  0.0  0.0  1.0  0.0  0.0 23  0.0 -0.0 69  0.0  0.0  1.0 -7.2  1.0\n'
WIPER [10.5 Hz] b'51372.0 1 1 12.4  0.0  0.0  1.0  0.0  0.0 23  0.0 -0.0 69  0.0  0.0  1.0 -7.1  1.0\n'
WIPER b'51459.0 1 1 12.4  0.0  0.0  1.0  0.0  0.0 23  0.0 -0.0 69  0.0  0.0  1.0 -6.8  1.0\n'
WIPER [9.1 Hz] b'51545.0 1 1 12.4  0.0  0.0  1.0  0.0  0.0 23  0.0 -0.0 69  0.0  0.0  1.0 -7.3  1.0\n'
WIPER [8.0 Hz] b'51631.0 1 1 12.4  0.0  0.0  1.0  0.0  0.0 23  0.0 -0.0 69  0.0  0.0  1.0 -6.9  1.0\n'
WIPER [10.0 Hz] b'51718.0 1 1 12.4  0.0  0.0  1.0  0.0  0.0 23  0.0 -0.0 69  0.0  0.0  1.0 -6.8  1.0\n'
WIPER [11.2 Hz] b'51804.0 1 1 12.4  0.0  0.0  1.0  0.0  0.0 23  0.0 -0.0 69  0.0  0.0  1.0 -7.1  1.0\n'
WIPER [90.8 Hz] b'51890.0 1 1 12.4  0.0  0.0  1.0  0.0  0.0 23  0.0 -0.0 69  0.0  0.0  1.0 -6.9  1.0\n'
WIPER [1.0 Hz] b'52977.0 0 1 12.4  0.0  0.0  1.0  0.0  0.1 23  0.0 -0.0 69  0.0  0.0  1.0 -6.2  0.0\n'
WIPER [10.5 Hz] b'53002.0 0 1 10.6  0.0  0.0  1.0  0.0  0.0 23  0.0 -3.6 69  0.0  0.0  1.0 -6.3  0.0\n'
WIPER [7.9 Hz] b'53088.0 0 1 12.4  0.0  0.0  1.0  0.0  0.0 23  0.0 -0.0 69  0.0  0.0  1.0 -7.1 -0.0\n'
WIPER [7.1 Hz] b'53174.0 0 1 12.4  0.0  0.0  1.0  0.0  0.0 23  0.0 -0.0 69  0.0  0.0  1.0 -7.1 -0.0\n'
WIPER [166.3 Hz] b'53260.0 0 1 12.4  0.0  0.0  1.0  0.0  0.0 23  0.0 -0.0 69  0.0  0.0  1.0 -7.2 -0.0\n'
WIPER [13.7 Hz] b'53347.0 0 1 12.4  0.0  0.0  1.0  0.0  0.0 23  0.0 -0.0 69  0.0  0.0  1.0 -6.9 -0.0\n'
WIPER [10.5 Hz] b'53433.0 0 1 12.4  0.0  0.0  1.0  0.0  0.0 23  0.0 -0.0 69  0.0  0.0  1.0 -6.8 -0.0\n'
WIPER [10.6 Hz] b'53519.0 0 1 12.4  0.0  0.0  1.0  0.0  0.0 23  0.0 -0.0 69  0.0  0.0  1.0 -7.4 -0.0\n'
WIPER [9.1 Hz] b'53606.0 0 1 12.4  0.0  0.0  1.0  0.0  0.0 23  0.0 -0.0 69  0.0  0.0  1.0 -7.1 -0.0\n'
WIPER b'53692.0 0 1 12.4  0.0  0.0  1.0  0.0  0.0 23  0.0 -0.0 69  0.0  0.0  1.0 -7.0 -0.0\n'
WIPER [7.8 Hz] b'53778.0 0 1 12.4  0.0  0.0  1.0  0.0  0.0 23  0.0 -0.0 69  0.0  0.0  1.0 -7.1 -0.0\n'
WIPER [10.0 Hz] b'53864.0 0 1 12.4  0.0  0.0  1.0  0.0  0.0 23  0.0 -0.0 69  0.0  0.0  1.0 -6.8 -0.0\n'
WIPER [9.6 Hz] b'53951.0 0 1 12.4  0.0  0.0  1.0  0.0  0.0 23  0.0 -0.0 69  0.0  0.0  1.0 -7.1 -0.0\n'
WIPER [9.0 Hz] b'54037.0 0 1 12.4  0.0  0.0  1.0  0.0  0.0 23  0.0 -0.0 69  0.0  0.0  1.0 -7.1 -0.0\n'
WIPER b'54123.0 0 1 12.4  0.0  0.0  1.0  0.0  0.0 23  0.0 -0.0 69  0.0  0.0  1.0 -7.0 -0.0\n'
WIPER [7.9 Hz] b'54210.0 0 1 12.4  0.0  0.0  1.0  0.0  0.0 23  0.0 -0.0 69  0.0  0.0  1.0 -7.1 -0.0\n'
WIPER [10.6 Hz] b'54296.0 0 1 12.4  0.0  0.0  1.0  0.0  0.0 23  0.0 -0.0 69  0.0  0.0  1.0 -7.1 -0.0\n'
WIPER [8.8 Hz] b'54382.0 0 1 12.4  0.0  0.0  1.0  0.0  0.0 23  0.0 -0.0 69  0.0  0.0  1.0 -7.2 -0.0\n'
WIPER [9.9 Hz] b'54469.0 0 1 12.4  0.0  0.0  1.0  0.0  0.0 23  0.0 -0.0 69  0.0  0.0  1.0 -7.3 -0.0\n'
WIPER b'54555.0 0 1 12.4  0.0  0.0  1.0  0.0  0.0 23  0.0 -0.0 69  0.0  0.0  1.0 -6.8 -0.0\n'
WIPER [7.6 Hz] b'54641.0 0 1 12.4  0.0  0.0  1.0  0.0  0.0 23  0.0 -0.0 69  0.0  0.0  1.0 -6.8 -0.0\n'
WIPER [10.5 Hz] b'54727.0 0 1 12.4  0.0  0.0  1.0  0.0  0.0 23  0.0 -0.0 69  0.0  0.0  1.0 -7.1 -0.0\n'
WIPER [9.3 Hz] b'54814.0 0 1 12.4  0.0  0.0  1.0  0.0  0.0 23  0.0 -0.0 69  0.0  0.0  1.0 -6.8 -0.0\n'
WIPER [10.1 Hz] b'54900.0 0 1 12.4  0.0  0.0  1.0  0.0  0.0 23  0.0 -0.0 69  0.0  0.0  1.0 -6.9 -0.0\n'
WIPER [173.1 Hz] b'54986.0 0 1 12.4  0.0  0.0  1.0  0.0  0.0 23  0.0 -0.0 69  0.0  0.0  1.0 -7.2 -0.0\n'
WIPER [10.0 Hz] b'55073.0 0 1 12.4  0.0  0.0  1.0  0.0  0.0 23  0.0 -0.0 69  0.0  0.0  1.0 -7.3 -0.0\n'
WIPER [9.2 Hz] b'55159.0 0 1 12.4  0.0  0.0  1.0  0.0  0.0 23  0.0 -0.0 69  0.0  0.0  1.0 -6.9 -0.0\n'
WIPER [9.6 Hz] b'55245.0 0 1 12.4  0.0  0.0  1.0  0.0  0.0 23  0.0 -0.0 69  0.0  0.0  1.0 -6.9 -0.0\n'
WIPER [7.8 Hz] b'55332.0 0 1 12.4  0.0  0.0  1.0  0.0  0.0 23  0.0 -0.0 69  0.0  0.0  1.0 -7.0 -0.0\n'
WIPER b'55418.0 0 1 12.4  0.0  0.0  1.0  0.0  0.0 23  0.0 -0.0 69  0.0  0.0  1.0 -7.0 -0.0\n'
WIPER [10.1 Hz] b'55504.0 0 1 12.4  0.0  0.0  1.0  0.0  0.0 23  0.0 -0.0 69  0.0  0.0  1.0 -7.2 -0.0\n'
WIPER [10.6 Hz] b'55590.0 0 1 12.4  0.0  0.0  1.0  0.0  0.0 23  0.0 -0.0 69  0.0  0.0  1.0 -7.1 -0.0\n'
WIPER [7.6 Hz] b'55677.0 0 1 12.4  0.0  0.0  1.0  0.0  0.0 23  0.0 -0.0 69  0.0  0.0  1.0 -7.2 -0.0\n'
WIPER [10.0 Hz] b'55763.0 0 1 12.4  0.0  0.0  1.0  0.0  0.0 23  0.0 -0.0 69  0.0  0.0  1.0 -7.3 -0.0\n'
WIPER b'55849.0 0 1 12.4  0.0  0.0  1.0  0.0  0.0 23  0.0 -0.0 69  0.0  0.0  1.0 -7.1 -0.0\n'
WIPER [10.0 Hz] b'55937.0 0 1 12.4  0.0  0.0  1.0  0.0  0.0 23  0.0 -0.0 69  0.0  0.0  1.0 -6.9 -0.0\n'
WIPER [10.0 Hz] b'56023.0 0 1 12.4  0.0  0.0  1.0  0.0  0.0 23  0.0 -0.0 69  0.0  0.0  1.0 -7.1 -0.0\n'
WIPER [8.4 Hz] b'56109.0 0 1 12.4  0.0  0.0  1.0  0.0  0.0 23  0.0 -0.0 69  0.0  0.0  1.0 -7.0 -0.0\n'
WIPER [10.6 Hz] b'56195.0 0 1 12.4  0.0  0.0  1.0  0.0  0.0 23  0.0 -0.0 69  0.0  0.0  1.0 -7.3 -0.0\n'
WIPER b'56282.0 0 1 12.4  0.0  0.0  1.0  0.0  0.0 23  0.0 -0.0 69  0.0  0.0  1.0 -6.8 -0.0\n'
WIPER [9.0 Hz] b'56368.0 0 1 12.4  0.0  0.0  1.0  0.0  0.0 23  0.0 -0.0 69  0.0  0.0  1.0 -6.9 -0.0\n'
WIPER [7.9 Hz] b'56454.0 0 1 12.4  0.0  0.0  1.0  0.0  0.0 23  0.0 -0.0 69  0.0  0.0  1.0 -7.2 -0.0\n'
WIPER [10.6 Hz] b'56541.0 0 1 12.4  0.0  0.0  1.0  0.0  0.0 23  0.0 -0.0 69  0.0  0.0  1.0 -7.0 -0.0\n'
WIPER [7.9 Hz] b'56627.0 0 1 12.4  0.0  0.0  1.0  0.0  0.0 23  0.0 -0.0 69  0.0  0.0  1.0 -7.2 -0.0\n'
WIPER b'56713.0 0 1 12.4  0.0  0.0  1.0  0.0  0.0 23  0.0 -0.0 69  0.0  0.0  1.0 -7.2 -0.0\n'
WIPER [10.6 Hz] b'56800.0 0 1 12.4  0.0  0.0  1.0  0.0  0.0 23  0.0 -0.0 69  0.0  0.0  1.0 -7.3 -0.0\n'
WIPER [10.6 Hz] b'56886.0 0 1 12.4  0.0  0.0  1.0  0.0  0.0 23  0.0 -0.0 69  0.0  0.0  1.0 -7.2 -0.0\n'
WIPER [7.9 Hz] b'56972.0 0 1 12.4  0.0  0.0  1.0  0.0  0.0 23  0.0 -0.0 69  0.0  0.0  1.0 -6.8 -0.0\n'
WIPER [10.6 Hz] b'57058.0 0 1 12.4  0.0  0.0  1.0  0.0  0.0 23  0.0 -0.0 69  0.0  0.0  1.0 -7.1 -0.0\n'
WIPER [64.0 Hz] b'57145.0 0 1 12.4  0.0  0.0  1.0  0.0  0.0 23  0.0 -0.0 69  0.0  0.0  1.0 -7.0 -0.0\n'
WIPER [10.6 Hz] b'57231.0 0 1 12.4  0.0  0.0  1.0  0.0  0.0 23  0.0 -0.0 69  0.0  0.0  1.0 -7.1 -0.0\n'
WIPER [7.9 Hz] b'57317.0 0 1 12.4  0.0  0.0  1.0  0.0  0.0 23  0.0 -0.0 69  0.0  0.0  1.0 -7.0 -0.0\n'
WIPER [10.6 Hz] b'57404.0 0 1 12.4  0.0  0.0  1.0  0.0  0.0 23  0.0 -0.0 69  0.0  0.0  1.0 -7.5 -0.0\n'
WIPER [10.6 Hz] b'57490.0 0 1 12.4  0.0  0.0  1.0  0.0  0.0 23  0.0 -0.0 69  0.0  0.0  1.0 -6.9 -0.0\n'
WIPER [62.9 Hz] b'57576.0 0 1 12.4  0.0  0.0  1.0  0.0  0.0 23  0.0 -0.0 69  0.0  0.0  1.0 -7.4 -0.0\n'
WIPER [9.1 Hz] b'57663.0 0 1 12.4  0.0  0.0  1.0  0.0  0.0 23  0.0 -0.0 69  0.0  0.0  1.0 -7.0 -0.0\n'
WIPER [10.6 Hz] b'57749.0 0 1 12.4  0.0  0.0  1.0  0.0  0.0 23  0.0 -0.0 69  0.0  0.0  1.0 -6.9 -0.0\n'
WIPER [9.1 Hz] b'57835.0 0 1 12.4  0.0  0.0  1.0  0.0  0.0 23  0.0 -0.0 69  0.0  0.0  1.0 -7.1 -0.0\n'
WIPER [9.1 Hz] b'57921.0 0 1 12.4  0.0  0.0  1.0  0.0  0.0 23  0.0 -0.0 69  0.0  0.0  1.0 -7.0 -0.0\n'
WIPER b'58008.0 0 1 12.4  0.0  0.0  1.0  0.0  0.0 23  0.0 -0.0 69  0.0  0.0  1.0 -7.1 -0.0\n'
WIPER [9.0 Hz] b'58094.0 0 1 12.4  0.0  0.0  1.0  0.0  0.0 23  0.0 -0.0 69  0.0  0.0  1.0 -7.0 -0.0\n'
WIPER [9.0 Hz] b'58180.0 0 1 12.4  0.0  0.0  1.0  0.0  0.0 23  0.0 -0.0 69  0.0  0.0  1.0 -6.9 -0.0\n'
WIPER [10.6 Hz] b'58267.0 0 1 12.4  0.0  0.0  1.0  0.0  0.0 23  0.0 -0.0 69  0.0  0.0  1.0 -7.4 -0.0\n'
WIPER [7.9 Hz] b'58353.0 0 1 12.4  0.0  0.0  1.0  0.0  0.0 23  0.0 -0.0 69  0.0  0.0  1.0 -7.0 -0.0\n'
WIPER b'58439.0 0 1 12.4  0.0  0.0  1.0  0.0  0.0 23  0.0 -0.0 69  0.0  0.0  1.0 -7.2 -0.0\n'
WIPER [10.5 Hz] b'58525.0 0 1 12.4  0.0  0.0  1.0  0.0  0.0 23  0.0 -0.0 69  0.0  0.0  1.0 -7.0 -0.0\n'
WIPER [7.9 Hz] b'58612.0 0 1 12.4  0.0  0.0  1.0  0.0  0.0 23  0.0 -0.0 69  0.0  0.0  1.0 -7.1 -0.0\n'
WIPER [9.1 Hz] b'58698.0 0 1 12.4  0.0  0.0  1.0  0.0  0.0 23  0.0 -0.0 69  0.0  0.0  1.0 -7.3 -0.0\n'
WIPER [10.6 Hz] b'58784.0 0 1 12.4  0.0  0.0  1.0  0.0  0.0 23  0.0 -0.0 69  0.0  0.0  1.0 -7.2 -0.0\n'
WIPER b'58871.0 0 1 12.4  0.0  0.0  1.0  0.0  0.0 23  0.0 -0.0 69  0.0  0.0  1.0 -7.0 -0.0\n'
WIPER [7.9 Hz] b'58957.0 0 1 12.4  0.0  0.0  1.0  0.0  0.0 23  0.0 -0.0 69  0.0  0.0  1.0 -6.8 -0.0\n'
WIPER [7.9 Hz] b'59043.0 0 1 12.4  0.0  0.0  1.0  0.0  0.0 23  0.0 -0.0 69  0.0  0.0  1.0 -7.0 -0.0\n'
WIPER [12.7 Hz] b'59130.0 0 1 12.4  0.0  0.0  1.0  0.0  0.0 23  0.0 -0.0 69  0.0  0.0  1.0 -7.1 -0.0\n'
WIPER [10.6 Hz] b'59216.0 0 1 12.4  0.0  0.0  1.0  0.0  0.0 23  0.0 -0.0 69  0.0  0.0  1.0 -7.1 -0.0\n'
WIPER b'59302.0 0 1 12.4  0.0  0.0  1.0  0.0  0.0 23  0.0 -0.0 69  0.0  0.0  1.0 -7.3 -0.0\n'
WIPER [8.9 Hz] b'59388.0 0 1 12.4  0.0  0.0  1.0  0.0  0.0 23  0.0 -0.0 69  0.0  0.0  1.0 -7.0 -0.0\n'
WIPER [8.1 Hz] b'59475.0 0 1 12.4  0.0  0.0  1.0  0.0  0.0 23  0.0 -0.0 69  0.0  0.0  1.0 -6.9 -0.0\n'
WIPER [10.6 Hz] b'59561.0 0 1 12.4  0.0  0.0  1.0  0.0  0.0 23  0.0 -0.0 69  0.0  0.0  1.0 -7.1 -0.0\n'
WIPER [9.1 Hz] b'59648.0 0 1 12.4  0.0  0.0  1.0  0.0  0.0 23  0.0 -0.0 69  0.0  0.0  1.0 -6.8 -0.0\n'
WIPER b'59735.0 0 1 12.4  0.0  0.0  1.0  0.0  0.0 23  0.0 -0.0 69  0.0  0.0  1.0 -7.1 -0.0\n'
WIPER [9.1 Hz] b'59821.0 0 1 12.4  0.0  0.0  1.0  0.0  0.0 23  0.0 -0.0 69  0.0  0.0  1.0 -6.9 -0.0\n'
WIPER [8.4 Hz] b'59907.0 0 1 12.4  0.0  0.0  1.0  0.0  0.0 23  0.0 -0.0 69  0.0  0.0  1.0 -7.1 -0.0\n'
WIPER [11.7 Hz] b'59994.0 0 1 12.4  0.0  0.0  1.0  0.0  0.0 23  0.0 -0.0 69  0.0  0.0  1.0 -7.1 -0.0\n'
WIPER [7.9 Hz] b'60080.0 0 1 12.4  0.0  0.0  1.0  0.0  0.0 23  0.0 -0.0 69  0.0  0.0  1.0 -6.8 -0.0\n'
WIPER b'60166.0 0 1 12.4  0.0  0.0  1.0  0.0  0.0 23  0.0 -0.0 69  0.0  0.0  1.0 -6.9 -0.0\n'
WIPER [10.6 Hz] b'60252.0 0 1 12.4  0.0  0.0  1.0  0.0  0.0 23  0.0 -0.0 69  0.0  0.0  1.0 -7.1 -0.0\n'
WIPER [10.6 Hz] b'60339.0 0 1 12.4  0.0  0.0  1.0  0.0  0.0 23  0.0 -0.0 69  0.0  0.0  1.0 -7.1 -0.0\n'
WIPER [7.0 Hz] b'60425.0 0 1 12.4  0.0  0.0  1.0  0.0  0.0 23  0.0 -0.0 69  0.0  0.0  1.0 -6.8 -0.0\n'
WIPER [12.7 Hz] b'60511.0 0 1 12.4  0.0  0.0  1.0  0.0  0.0 23  0.0 -0.0 69  0.0  0.0  1.0 -6.8 -0.0\n'
WIPER b'60598.0 0 1 12.4  0.0  0.0  1.0  0.0  0.0 23  0.0 -0.0 69  0.0  0.0  1.0 -7.3 -0.0\n'
WIPER [7.9 Hz] b'60684.0 0 1 12.4  0.0  0.0  1.0  0.0  0.0 23  0.0 -0.0 69  0.0  0.0  1.0 -7.2 -0.0\n'
WIPER [10.5 Hz] b'60770.0 0 1 12.4  0.0  0.0  1.0  0.0  0.0 23  0.0 -0.0 69  0.0  0.0  1.0 -7.2 -0.0\n'
WIPER [7.9 Hz] b'60857.0 0 1 12.4  0.0  0.0  1.0  0.0  0.0 23  0.0 -0.0 69  0.0  0.0  1.0 -7.1 -0.0\n'
WIPER [10.6 Hz] b'60943.0 0 1 12.4  0.0  0.0  1.0  0.0  0.0 23  0.0 -0.0 69  0.0  0.0  1.0 -6.9 -0.0\n'
WIPER b'61029.0 0 1 12.4  0.0  0.0  1.0  0.0  0.0 23  0.0 -0.0 69  0.0  0.0  1.0 -6.9 -0.0\n'
WIPER [10.5 Hz] b'61115.0 0 1 12.4  0.0  0.0  1.0  0.0  0.0 23  0.0 -0.0 69  0.0  0.0  1.0 -7.1 -0.0\n'
WIPER [8.0 Hz] b'61202.0 0 1 12.4  0.0  0.0  1.0  0.0  0.0 23  0.0 -0.0 69  0.0  0.0  1.0 -7.0 -0.0\n'
WIPER [9.1 Hz] b'61288.0 0 1 12.4  0.0  0.0  1.0  0.0  0.0 23  0.0 -0.0 69  0.0  0.0  1.0 -7.2 -0.0\n'
WIPER [10.6 Hz] b'61374.0 0 1 12.4  0.0  0.0  1.0  0.0  0.0 23  0.0 -0.0 69  0.0  0.0  1.0 -6.8 -0.0\n'
WIPER b'61461.0 0 1 12.4  0.0  0.0  1.0  0.0  0.0 23  0.0 -0.0 69  0.0  0.0  1.0 -7.2 -0.0\n'
WIPER [7.9 Hz] b'61547.0 0 1 12.4  0.0  0.0  1.0  0.0  0.0 23  0.0 -0.0 69  0.0  0.0  1.0 -6.9 -0.0\n'
WIPER [9.1 Hz] b'61633.0 0 1 12.4  0.0  0.0  1.0  0.0  0.0 23  0.0 -0.0 69  0.0  0.0  1.0 -6.8 -0.0\n'
WIPER [10.6 Hz] b'61719.0 0 1 12.4  0.0  0.0  1.0  0.0  0.0 23  0.0 -0.0 69  0.0  0.0  1.0 -7.1 -0.0\n'
WIPER b'61806.0 0 1 12.4  0.0  0.0  1.0  0.0  0.0 23  0.0 -0.0 69  0.0  0.0  1.0 -6.9 -0.0\n'
WIPER [7.9 Hz] b'61892.0 0 1 12.4  0.0  0.0  1.0  0.0  0.0 23  0.0 -0.0 69  0.0  0.0  1.0 -6.7 -0.0\n'
WIPER [10.4 Hz] b'61978.0 0 1 12.4  0.0  0.0  1.0  0.0  0.0 23  0.0 -0.0 69  0.0  0.0  1.0 -7.4 -0.0\n'
WIPER [9.1 Hz] b'62065.0 0 1 12.4  0.0  0.0  1.0  0.0  0.0 23  0.0 -0.0 69  0.0  0.0  1.0 -7.3 -0.0\n'
WIPER [10.5 Hz] b'62151.0 0 1 12.4  0.0  0.0  1.0  0.0  0.0 23  0.0 -0.0 69  0.0  0.0  1.0 -7.2 -0.0\n'
WIPER b'62237.0 0 1 12.4  0.0  0.0  1.0  0.0  0.0 23  0.0 -0.0 69  0.0  0.0  1.0 -7.0 -0.0\n'
WIPER [7.9 Hz] b'62324.0 0 1 12.4  0.0  0.0  1.0  0.0  0.0 23  0.0 -0.0 69  0.0  0.0  1.0 -7.1 -0.0\n'
WIPER [9.0 Hz] b'62410.0 0 1 12.4  0.0  0.0  1.0  0.0  0.0 23  0.0 -0.0 69  0.0  0.0  1.0 -6.9 -0.0\n'
WIPER [10.3 Hz] b'62496.0 0 1 12.4  0.0  0.0  1.0  0.0  0.0 23  0.0 -0.0 69  0.0  0.0  1.0 -7.2 -0.0\n'
WIPER [10.5 Hz] b'62582.0 0 1 12.4  0.0  0.0  1.0  0.0  0.0 23  0.0 -0.0 69  0.0  0.0  1.0 -6.9 -0.0\n'
WIPER b'62669.0 0 1 12.4  0.0  0.0  1.0  0.0  0.0 23  0.0 -0.0 69  0.0  0.0  1.0 -7.0 -0.0\n'
WIPER [7.5 Hz] b'62755.0 0 1 12.4  0.0  0.0  1.0  0.0  0.0 23  0.0 -0.0 69  0.0  0.0  1.0 -7.2 -0.0\n'
WIPER [11.6 Hz] b'62841.0 0 1 12.4  0.0  0.0  1.0  0.0  0.0 23  0.0 -0.0 69  0.0  0.0  1.0 -6.9 -0.0\n'
WIPER [8.0 Hz] b'62928.0 0 1 12.4  0.0  0.0  1.0  0.0  0.0 23  0.0 -0.0 69  0.0  0.0  1.0 -7.2 -0.0\n'
WIPER [10.5 Hz] b'63014.0 0 1 12.4  0.0  0.0  1.0  0.0  0.0 23  0.0 -0.0 69  0.0  0.0  1.0 -7.0 -0.0\n'
WIPER b'63100.0 0 1 12.4  0.0  0.0  1.0  0.0  0.0 23  0.0 -0.0 69  0.0  0.0  1.0 -7.5 -0.0\n'
WIPER [7.9 Hz] b'63187.0 0 1 12.4  0.0  0.0  1.0  0.0  0.0 23  0.0 -0.0 69  0.0  0.0  1.0 -7.2 -0.0\n'
WIPER [9.9 Hz] b'63273.0 0 1 12.4  0.0  0.0  1.0  0.0  0.0 23  0.0 -0.0 69  0.0  0.0  1.0 -7.3 -0.0\n'
WIPER [9.6 Hz] b'63360.0 0 1 12.4  0.0  0.0  1.0  0.0  0.0 23  0.0 -0.0 69  0.0  0.0  1.0 -6.9 -0.0\n'
WIPER [9.1 Hz] b'63446.0 0 1 12.4  0.0  0.0  1.0  0.0  0.0 23  0.0 -0.0 69  0.0  0.0  1.0 -7.0 -0.0\n'
WIPER b'63533.0 0 1 12.4  0.0  0.0  1.0  0.0  0.0 23  0.0 -0.0 69  0.0  0.0  1.0 -6.8 -0.0\n'
WIPER [9.1 Hz] b'63619.0 0 1 12.4  0.0  0.0  1.0  0.0  0.0 23  0.0 -0.0 69  0.0  0.0  1.0 -6.7 -0.0\n'
WIPER [10.5 Hz] b'63705.0 0 1 12.4  0.0  0.0  1.0  0.0  0.0 23  0.0 -0.0 69  0.0  0.0  1.0 -7.1 -0.0\n'
WIPER [9.1 Hz] b'63792.0 0 1 12.4  0.0  0.0  1.0  0.0  0.0 23  0.0 -0.0 69  0.0  0.0  1.0 -7.0 -0.0\n'
WIPER [10.5 Hz] b'63878.0 0 1 12.4  0.0  0.0  1.0  0.0  0.0 23  0.0 -0.0 69  0.0  0.0  1.0 -7.1 -0.0\n'
WIPER b'63964.0 0 1 12.4  0.0  0.0  1.0  0.0  0.0 23  0.0 -0.0 69  0.0  0.0  1.0 -7.0 -0.0\n'
WIPER [8.0 Hz] b'64050.0 0 1 12.4  0.0  0.0  1.0  0.0  0.0 23  0.0 -0.0 69  0.0  0.0  1.0 -7.2 -0.0\n'
WIPER [10.2 Hz] b'64137.0 0 1 12.4  0.0  0.0  1.0  0.0  0.0 23  0.0 -0.0 69  0.0  0.0  1.0 -7.2 -0.0\n'
WIPER [8.0 Hz] b'64223.0 0 1 12.4  0.0  0.0  1.0  0.0  0.0 23  0.0 -0.0 69  0.0  0.0  1.0 -7.5 -0.0\n'
WIPER [10.1 Hz] b'64309.0 0 1 12.4  0.0  0.0  1.0  0.0  0.0 23  0.0 -0.0 69  0.0  0.0  1.0 -6.9 -0.0\n'
WIPER b'64396.0 0 1 12.4  0.0  0.0  1.0  0.0  0.0 23  0.0 -0.0 69  0.0  0.0  1.0 -7.4 -0.0\n'
WIPER [8.2 Hz] b'64482.0 0 1 12.4  0.0  0.0  1.0  0.0  0.0 23  0.0 -0.0 69  0.0  0.0  1.0 -7.0 -0.0\n'
WIPER [10.6 Hz] b'64568.0 0 1 12.4  0.0  0.0  1.0  0.0  0.0 23  0.0 -0.0 69  0.0  0.0  1.0 -7.1 -0.0\n'
WIPER [9.0 Hz] b'64655.0 0 1 12.4  0.0  0.0  1.0  0.0  0.0 23  0.0 -0.0 69  0.0  0.0  1.0 -7.4 -0.0\n'
WIPER [9.0 Hz] b'64741.0 0 1 12.4  0.0  0.0  1.0  0.0  0.0 23  0.0 -0.0 69  0.0  0.0  1.0 -7.3 -0.0\n'
WIPER b'64827.0 0 1 12.4  0.0  0.0  1.0  0.0  0.0 23  0.0 -0.0 69  0.0  0.0  1.0 -7.4 -0.0\n'
WIPER [10.6 Hz] b'64913.0 0 1 12.4  0.0  0.0  1.0  0.0  0.0 23  0.0 -0.0 69  0.0  0.0  1.0 -7.4 -0.0\n'
WIPER [7.9 Hz] b'65000.0 0 1 12.4  0.0  0.0  1.0  0.0  0.0 23  0.0 -0.0 69  0.0  0.0  1.0 -7.0 -0.0\n'
WIPER [11.3 Hz] b'65086.0 0 1 12.4  0.0  0.0  1.0  0.0  0.0 23  0.0 -0.0 69  0.0  0.0  1.0 -7.2 -0.0\n'
WIPER [9.1 Hz] b'65172.0 0 1 12.4  0.0  0.0  1.0  0.0  0.0 23  0.0 -0.0 69  0.0  0.0  1.0 -7.3 -0.0\n'
WIPER b'65259.0 0 1 12.4  0.0  0.0  1.0  0.0  0.0 23  0.0 -0.0 69  0.0  0.0  1.0 -6.9 -0.0\n'
WIPER [7.9 Hz] b'65345.0 0 1 12.4  0.0  0.0  1.0  0.0  0.0 23  0.0 -0.0 69  0.0  0.0  1.0 -6.9 -0.0\n'
WIPER [10.4 Hz] b'65431.0 0 1 12.4  0.0  0.0  1.0  0.0  0.0 23  0.0 -0.0 69  0.0  0.0  1.0 -7.0 -0.0\n'
WIPER [10.5 Hz] b'65518.0 0 1 12.4  0.0  0.0  1.0  0.0  0.0 23  0.0 -0.0 69  0.0  0.0  1.0 -6.7 -0.0\n'
WIPER [7.6 Hz] b'65604.0 0 1 12.4  0.0  0.0  1.0  0.0  0.0 23  0.0 -0.0 69  0.0  0.0  1.0 -7.2 -0.0\n'
WIPER b'65690.0 0 1 12.4  0.0  0.0  1.0  0.0  0.0 23  0.0 -0.0 69  0.0  0.0  1.0 -7.0 -0.0\n'
WIPER [9.6 Hz] b'65776.0 0 1 12.4  0.0  0.0  1.0  0.0  0.0 23  0.0 -0.0 69  0.0  0.0  1.0 -7.6 -0.0\n'
WIPER [9.1 Hz] b'65863.0 0 1 12.4  0.0  0.0  1.0  0.0  0.0 23  0.0 -0.0 69  0.0  0.0  1.0 -7.1 -0.0\n'
WIPER [10.5 Hz] b'65949.0 0 1 12.4  0.0  0.0  1.0  0.0  0.0 23  0.0 -0.0 69  0.0  0.0  1.0 -6.6 -0.0\n'
WIPER [7.9 Hz] b'66035.0 0 1 12.4  0.0  0.0  1.0  0.0  0.0 23  0.0 -0.0 69  0.0  0.0  1.0 -7.0 -0.0\n'
WIPER b'66122.0 0 1 12.4  0.0  0.0  1.0  0.0  0.0 23  0.0 -0.0 69  0.0  0.0  1.0 -6.9 -0.0\n'
WIPER [10.9 Hz] b'66208.0 0 1 12.4  0.0  0.0  1.0  0.0  0.0 23  0.0 -0.0 69  0.0  0.0  1.0 -6.9 -0.0\n'
WIPER [8.1 Hz] b'66294.0 0 1 12.4  0.0  0.0  1.0  0.0  0.0 23  0.0 -0.0 69  0.0  0.0  1.0 -7.0 -0.0\n'
WIPER [10.0 Hz] b'66381.0 0 1 12.4  0.0  0.0  1.0  0.0  0.0 23  0.0 -0.0 69  0.0  0.0  1.0 -7.4 -0.0\n'
WIPER [10.6 Hz] b'66467.0 0 1 12.4  0.0  0.0  1.0  0.0  0.0 23  0.0 -0.0 69  0.0  0.0  1.0 -7.3 -0.0\n'
WIPER b'66553.0 0 1 12.4  0.0  0.0  1.0  0.0  0.0 23  0.0 -0.0 69  0.0  0.0  1.0 -7.1 -0.0\n'
WIPER [7.9 Hz] b'66639.0 0 1 12.4  0.0  0.0  1.0  0.0  0.0 23  0.0 -0.0 69  0.0  0.0  1.0 -7.1 -0.0\n'
WIPER [10.6 Hz] b'66726.0 0 1 12.4  0.0  0.0  1.0  0.0  0.0 23  0.0 -0.0 69  0.0  0.0  1.0 -7.5 -0.0\n'
WIPER [7.9 Hz] b'66812.0 0 1 12.4  0.0  0.0  1.0  0.0  0.0 23  0.0 -0.0 69  0.0  0.0  1.0 -7.3 -0.0\n'
WIPER [12.6 Hz] b'66898.0 0 1 12.4  0.0  0.0  1.0  0.0  0.0 23  0.0 -0.0 69  0.0  0.0  1.0 -7.0 -0.0\n'
WIPER b'66985.0 0 1 12.4  0.0  0.0  1.0  0.0  0.0 23  0.0 -0.0 69  0.0  0.0  1.0 -6.8 -0.0\n'
WIPER [7.4 Hz] b'67072.0 0 1 12.4  0.0  0.0  1.0  0.0  0.0 23  0.0 -0.0 69  0.0  0.0  1.0 -7.3 -0.0\n'
WIPER [9.8 Hz] b'67158.0 0 1 12.4  0.0  0.0  1.0  0.0  0.0 23  0.0 -0.0 69  0.0  0.0  1.0 -7.0 -0.0\n'
WIPER [9.1 Hz] b'67244.0 0 1 12.4  0.0  0.0  1.0  0.0  0.0 23  0.0 -0.0 69  0.0  0.0  1.0 -7.3 -0.0\n'
WIPER [10.6 Hz] b'67331.0 0 1 12.4  0.0  0.0  1.0  0.0  0.0 23  0.0 -0.0 69  0.0  0.0  1.0 -7.0 -0.0\n'
WIPER b'67417.0 0 1 12.4  0.0  0.0  1.0  0.0  0.0 23  0.0 -0.0 69  0.0  0.0  1.0 -7.1 -0.0\n'
WIPER [8.5 Hz] b'67503.0 0 1 12.4  0.0  0.0  1.0  0.0  0.0 23  0.0 -0.0 69  0.0  0.0  1.0 -6.7 -0.0\n'
WIPER [9.6 Hz] b'67590.0 0 1 12.4  0.0  0.0  1.0  0.0  0.0 23  0.0 -0.0 69  0.0  0.0  1.0 -7.4 -0.0\n'
WIPER [7.9 Hz] b'67676.0 0 1 12.4  0.0  0.0  1.0  0.0  0.0 23  0.0 -0.0 69  0.0  0.0  1.0 -7.3 -0.0\n'
WIPER [10.5 Hz] b'67762.0 0 1 12.4  0.0  0.0  1.0  0.0  0.0 23  0.0 -0.0 69  0.0  0.0  1.0 -6.8 -0.0\n'
WIPER b'67849.0 0 1 12.4  0.0  0.0  1.0  0.0  0.0 23  0.0 -0.0 69  0.0  0.0  1.0 -7.2 -0.0\n'
WIPER [8.8 Hz] b'67935.0 0 1 12.4  0.0  0.0  1.0  0.0  0.0 23  0.0 -0.0 69  0.0  0.0  1.0 -7.5 -0.0\n'
WIPER [10.8 Hz] b'68021.0 0 1 12.4  0.0  0.0  1.0  0.0  0.0 23  0.0 -0.0 69  0.0  0.0  1.0 -6.7 -0.0\n'
WIPER [9.1 Hz] b'68107.0 0 1 12.4  0.0  0.0  1.0  0.0  0.0 23  0.0 -0.0 69  0.0  0.0  1.0 -7.2 -0.0\n'
WIPER [9.1 Hz] b'68194.0 0 1 12.4  0.0  0.0  1.0  0.0  0.0 23  0.0 -0.0 69  0.0  0.0  1.0 -7.1 -0.0\n'
WIPER b'68280.0 0 1 12.4  0.0  0.0  1.0  0.0  0.0 23  0.0 -0.0 69  0.0  0.0  1.0 -7.1 -0.0\n'
WIPER [7.7 Hz] b'68366.0 0 1 12.4  0.0  0.0  1.0  0.0  0.0 23  0.0 -0.0 69  0.0  0.0  1.0 -7.2 -0.0\n'
WIPER [10.0 Hz] b'68453.0 0 1 12.4  0.0  0.0  1.0  0.0  0.0 23  0.0 -0.0 69  0.0  0.0  1.0 -7.2 -0.0\n'
WIPER [9.8 Hz] b'68539.0 0 1 12.4  0.0  0.0  1.0  0.0  0.0 23  0.0 -0.0 69  0.0  0.0  1.0 -7.3 -0.0\n'
WIPER [10.1 Hz] b'68625.0 0 1 12.4  0.0  0.0  1.0  0.0  0.0 23  0.0 -0.0 69  0.0  0.0  1.0 -6.9 -0.0\n'
WIPER b'68712.0 0 1 12.4  0.0  0.0  1.0  0.0  0.0 23  0.0 -0.0 69  0.0  0.0  1.0 -7.2 -0.0\n'
WIPER [9.4 Hz] b'68798.0 0 1 12.4  0.0  0.0  1.0  0.0  0.0 23  0.0 -0.0 69  0.0  0.0  1.0 -7.0 -0.0\n'
WIPER [7.9 Hz] b'68884.0 0 1 12.4  0.0  0.0  1.0  0.0  0.0 23  0.0 -0.0 69  0.0  0.0  1.0 -7.1 -0.0\n'
WIPER [10.5 Hz] b'68970.0 0 1 12.4  0.0  0.0  1.0  0.0  0.0 23  0.0 -0.0 69  0.0  0.0  1.0 -7.2 -0.0\n'
WIPER [10.6 Hz] b'69057.0 0 1 12.4  0.0  0.0  1.0  0.0  0.0 23  0.0 -0.0 69  0.0  0.0  1.0 -7.0 -0.0\n'
WIPER [63.9 Hz] b'69143.0 0 1 12.4  0.0  0.0  1.0  0.0  0.0 23  0.0 -0.0 69  0.0  0.0  1.0 -7.0 -0.0\n'
WIPER [7.9 Hz] b'69229.0 0 1 12.4  0.0  0.0  1.0  0.0  0.0 23  0.0 -0.0 69  0.0  0.0  1.0 -6.9 -0.0\n'
WIPER [10.5 Hz] b'69316.0 0 1 12.4  0.0  0.0  1.0  0.0  0.0 23  0.0 -0.0 69  0.0  0.0  1.0 -7.2 -0.0\n'
WIPER [10.3 Hz] b'69402.0 0 1 12.4  0.0  0.0  1.0  0.0  0.0 23  0.0 -0.0 69  0.0  0.0  1.0 -7.2 -0.0\n'
WIPER [9.2 Hz] b'69488.0 0 1 12.4  0.0  0.0  1.0  0.0  0.0 23  0.0 -0.0 69  0.0  0.0  1.0 -6.6 -0.0\n'
WIPER b'69575.0 0 1 12.4  0.0  0.0  1.0  0.0  0.0 23  0.0 -0.0 69  0.0  0.0  1.0 -7.0 -0.0\n'
WIPER [7.0 Hz] b'69661.0 0 1 12.4  0.0  0.0  1.0  0.0  0.0 23  0.0 -0.0 69  0.0  0.0  1.0 -7.1 -0.0\n'
WIPER [10.1 Hz] b'69747.0 0 1 12.4  0.0  0.0  1.0  0.0  0.0 23  0.0 -0.0 69  0.0  0.0  1.0 -7.3 -0.0\n'
WIPER [10.0 Hz] b'69833.0 0 1 12.4  0.0  0.0  1.0  0.0  0.0 23  0.0 -0.0 69  0.0  0.0  1.0 -7.1 -0.0\n'
WIPER [10.0 Hz] b'69920.0 0 1 12.4  0.0  0.0  1.0  0.0  0.0 23  0.0 -0.0 69  0.0  0.0  1.0 -6.8 -0.0\n'
WIPER b'70006.0 0 1 12.4  0.0  0.0  1.0  0.0  0.0 23  0.0 -0.0 69  0.0  0.0  1.0 -7.1 -0.0\n'
WIPER [10.0 Hz] b'70092.0 0 1 12.4  0.0  0.0  1.0  0.0  0.0 23  0.0 -0.0 69  0.0  0.0  1.0 -7.3 -0.0\n'
WIPER [8.3 Hz] b'70179.0 0 1 12.4  0.0  0.0  1.0  0.0  0.0 23  0.0 -0.0 69  0.0  0.0  1.0 -7.0 -0.0\n'
WIPER [10.3 Hz] b'70265.0 0 1 12.4  0.0  0.0  1.0  0.0  0.0 23  0.0 -0.0 69  0.0  0.0  1.0 -7.1 -0.0\n'
WIPER [9.2 Hz] b'70351.0 0 1 12.4  0.0  0.0  1.0  0.0  0.0 23  0.0 -0.0 69  0.0  0.0  1.0 -6.9 -0.0\n'
WIPER b'70437.0 0 1 12.4  0.0  0.0  1.0  0.0  0.0 23  0.0 -0.0 69  0.0  0.0  1.0 -7.0 -0.0\n'
WIPER [9.1 Hz] b'70524.0 0 1 12.4  0.0  0.0  1.0  0.0  0.0 23  0.0 -0.0 69  0.0  0.0  1.0 -6.7 -0.0\n'
WIPER [8.0 Hz] b'70610.0 0 1 12.4  0.0  0.0  1.0  0.0  0.0 23  0.0 -0.0 69  0.0  0.0  1.0 -6.7 -0.0\n'
WIPER [12.7 Hz] b'70696.0 0 1 12.4  0.0  0.0  1.0  0.0  0.0 23  0.0 -0.0 69  0.0  0.0  1.0 -7.0 -0.0\n'
WIPER [64.0 Hz] b'70784.0 0 1 12.4  0.0  0.0  1.0  0.0  0.0 23  0.0 -0.0 69  0.0  0.0  1.0 -7.0 -0.0\n'
WIPER [10.6 Hz] b'70870.0 0 1 12.4  0.0  0.0  1.0  0.0  0.0 23  0.0 -0.0 69  0.0  0.0  1.0 -6.8 -0.0\n'
WIPER [7.0 Hz] b'70956.0 0 1 12.4  0.0  0.0  1.0  0.0  0.0 23  0.0 -0.0 69  0.0  0.0  1.0 -6.9 -0.0\n'
WIPER [10.6 Hz] b'71043.0 0 1 12.4  0.0  0.0  1.0  0.0  0.0 23  0.0 -0.0 69  0.0  0.0  1.0 -6.9 -0.0\n'
WIPER [10.6 Hz] b'71129.0 0 1 12.4  0.0  0.0  1.0  0.0  0.0 23  0.0 -0.0 69  0.0  0.0  1.0 -7.0 -0.0\n'
WIPER b'71215.0 0 1 12.4  0.0  0.0  1.0  0.0  0.0 23  0.0 -0.0 69  0.0  0.0  1.0 -6.9 -0.0\n'
WIPER [9.1 Hz] b'71301.0 0 1 12.4  0.0  0.0  1.0  0.0  0.0 23  0.0 -0.0 69  0.0  0.0  1.0 -7.0 -0.0\n'
WIPER [7.8 Hz] b'71388.0 0 1 12.4  0.0  0.0  1.0  0.0  0.0 23  0.0 -0.0 69  0.0  0.0  1.0 -7.0 -0.0\n'
WIPER [10.7 Hz] b'71474.0 0 1 12.4  0.0  0.0  1.0  0.0  0.0 23  0.0 -0.0 69  0.0  0.0  1.0 -7.1 -0.0\n'
WIPER [10.6 Hz] b'71560.0 0 1 12.4  0.0  0.0  1.0  0.0  0.0 23  0.0 -0.0 69  0.0  0.0  1.0 -7.1 -0.0\n'
WIPER [86.8 Hz] b'71647.0 0 1 12.4  0.0  0.0  1.0  0.0  0.0 23  0.0 -0.0 69  0.0  0.0  1.0 -7.2 -0.0\n'
WIPER [10.0 Hz] b'71733.0 0 1 12.4  0.0  0.0  1.0  0.0  0.0 23  0.0 -0.0 69  0.0  0.0  1.0 -7.2 -0.0\n'
WIPER [8.0 Hz] b'71819.0 0 1 12.4  0.0  0.0  1.0  0.0  0.0 23  0.0 -0.0 69  0.0  0.0  1.0 -6.9 -0.0\n'
WIPER [9.1 Hz] b'71906.0 0 1 12.4  0.0  0.0  1.0  0.0  0.0 23  0.0 -0.0 69  0.0  0.0  1.0 -7.2 -0.0\n'
WIPER [10.6 Hz] b'71992.0 0 1 12.4  0.0  0.0  1.0  0.0  0.0 23  0.0 -0.0 69  0.0  0.0  1.0 -6.9 -0.0\n'
WIPER b'72078.0 0 1 12.4  0.0  0.0  1.0  0.0  0.0 23  0.0 -0.0 69  0.0  0.0  1.0 -7.0 -0.0\n'
WIPER [9.1 Hz] b'72164.0 0 1 12.4  0.0  0.0  1.0  0.0  0.0 23  0.0 -0.0 69  0.0  0.0  1.0 -7.1 -0.0\n'
WIPER [9.1 Hz] b'72251.0 0 1 12.4  0.0  0.0  1.0  0.0  0.0 23  0.0 -0.0 69  0.0  0.0  1.0 -6.8 -0.0\n'
WIPER [10.6 Hz] b'72337.0 0 1 12.4  0.0  0.0  1.0  0.0  0.0 23  0.0 -0.0 69  0.0  0.0  1.0 -7.1 -0.0\n'
WIPER [7.9 Hz] b'72423.0 0 1 12.4  0.0  0.0  1.0  0.0  0.0 23  0.0 -0.0 69  0.0  0.0  1.0 -7.2 -0.0\n'
WIPER b'72510.0 0 1 12.4  0.0  0.0  1.0  0.0  0.0 23  0.0 -0.0 69  0.0  0.0  1.0 -7.1 -0.0\n'
WIPER [10.6 Hz] b'72596.0 0 1 12.4  0.0  0.0  1.0  0.0  0.0 23  0.0 -0.0 69  0.0  0.0  1.0 -7.0 -0.0\n'
WIPER [7.9 Hz] b'72682.0 0 1 12.4  0.0  0.0  1.0  0.0  0.0 23  0.0 -0.0 69  0.0  0.0  1.0 -7.3 -0.0\n'
WIPER [10.6 Hz] b'72768.0 0 1 12.4  0.0  0.0  1.0  0.0  0.0 23  0.0 -0.0 69  0.0  0.0  1.0 -7.2 -0.0\n'
WIPER [7.9 Hz] b'72855.0 0 1 12.4  0.0  0.0  1.0  0.0  0.0 23  0.0 -0.0 69  0.0  0.0  1.0 -7.0 -0.0\n'
WIPER b'72941.0 0 1 12.4  0.0  0.0  1.0  0.0  0.0 23  0.0 -0.0 69  0.0  0.0  1.0 -7.1 -0.0\n'
WIPER [10.6 Hz] b'73027.0 0 1 12.4  0.0  0.0  1.0  0.0  0.0 23  0.0 -0.0 69  0.0  0.0  1.0 -7.4 -0.0\n'
WIPER [10.4 Hz] b'73114.0 0 1 12.4  0.0  0.0  1.0  0.0  0.0 23  0.0 -0.0 69  0.0  0.0  1.0 -7.2 -0.0\n'
WIPER [8.0 Hz] b'73200.0 0 1 12.4  0.0  0.0  1.0  0.0  0.0 23  0.0 -0.0 69  0.0  0.0  1.0 -7.0 -0.0\n'
WIPER [9.1 Hz] b'73286.0 0 1 12.4  0.0  0.0  1.0  0.0  0.0 23  0.0 -0.0 69  0.0  0.0  1.0 -6.9 -0.0\n'
WIPER b'73373.0 0 1 12.4  0.0  0.0  1.0  0.0  0.0 23  0.0 -0.0 69  0.0  0.0  1.0 -7.4 -0.0\n'
WIPER [7.9 Hz] b'73459.0 0 1 12.4  0.0  0.0  1.0  0.0  0.0 23  0.0 -0.0 69  0.0  0.0  1.0 -7.3 -0.0\n'
WIPER [12.6 Hz] b'73545.0 0 1 12.4  0.0  0.0  1.0  0.0  0.0 23  0.0 -0.0 69  0.0  0.0  1.0 -7.1 -0.0\n'
WIPER [8.0 Hz] b'73631.0 0 1 12.4  0.0  0.0  1.0  0.0  0.0 23  0.0 -0.0 69  0.0  0.0  1.0 -6.9 -0.0\n'
WIPER [10.6 Hz] b'73718.0 0 1 12.4  0.0  0.0  1.0  0.0  0.0 23  0.0 -0.0 69  0.0  0.0  1.0 -6.8 -0.0\n'
WIPER b'73804.0 0 1 12.4  0.0  0.0  1.0  0.0  0.0 23  0.0 -0.0 69  0.0  0.0  1.0 -6.8 -0.0\n'
WIPER [9.1 Hz] b'73890.0 0 1 12.4  0.0  0.0  1.0  0.0  0.0 23  0.0 -0.0 69  0.0  0.0  1.0 -7.1 -0.0\n'
WIPER [9.7 Hz] b'73977.0 0 1 12.4  0.0  0.0  1.0  0.0  0.0 23  0.0 -0.0 69  0.0  0.0  1.0 -7.1 -0.0\n'
WIPER [8.3 Hz] b'74063.0 0 1 12.4  0.0  0.0  1.0  0.0  0.0 23  0.0 -0.0 69  0.0  0.0  1.0 -7.2 -0.0\n'
WIPER [10.9 Hz] b'74149.0 0 1 12.4  0.0  0.0  1.0  0.0  0.0 23  0.0 -0.0 69  0.0  0.0  1.0 -7.0 -0.0\n'
WIPER b'74236.0 0 1 12.4  0.0  0.0  1.0  0.0  0.0 23  0.0 -0.0 69  0.0  0.0  1.0 -7.2 -0.0\n'
WIPER [7.9 Hz] b'74322.0 0 1 12.4  0.0  0.0  1.0  0.0  0.0 23  0.0 -0.0 69  0.0  0.0  1.0 -6.7 -0.0\n'
WIPER [9.1 Hz] b'74408.0 0 1 12.4  0.0  0.0  1.0  0.0  0.0 23  0.0 -0.0 69  0.0  0.0  1.0 -7.4 -0.0\n'
WIPER [10.6 Hz] b'74494.0 0 1 12.4  0.0  0.0  1.0  0.0  0.0 23  0.0 -0.0 69  0.0  0.0  1.0 -7.3 -0.0\n'
WIPER [10.6 Hz] b'74582.0 0 1 12.4  0.0  0.0  1.0  0.0  0.0 23  0.0 -0.0 69  0.0  0.0  1.0 -7.0 -0.0\n'
WIPER [63.9 Hz] b'74668.0 0 1 12.4  0.0  0.0  1.0  0.0  0.0 23  0.0 -0.0 69  0.0  0.0  1.0 -6.9 -0.0\n'
WIPER [10.6 Hz] b'74754.0 0 1 12.4  0.0  0.0  1.0  0.0  0.0 23  0.0 -0.0 69  0.0  0.0  1.0 -7.1 -0.0\n'
WIPER [7.1 Hz] b'74841.0 0 1 12.4  0.0  0.0  1.0  0.0  0.0 23  0.0 -0.0 69  0.0  0.0  1.0 -7.1 -0.0\n'
WIPER [10.7 Hz] b'74927.0 0 1 12.4  0.0  0.0  1.0  0.0  0.0 23  0.0 -0.0 69  0.0  0.0  1.0 -7.3 -0.0\n'
WIPER [9.1 Hz] b'75013.0 0 1 12.4  0.0  0.0  1.0  0.0  0.0 23  0.0 -0.0 69  0.0  0.0  1.0 -7.0 -0.0\n'
WIPER b'75100.0 0 1 12.4  0.0  0.0  1.0  0.0  0.0 23  0.0 -0.0 69  0.0  0.0  1.0 -7.3 -0.0\n'
WIPER [9.1 Hz] b'75186.0 0 1 12.4  0.0  0.0  1.0  0.0  0.0 23  0.0 -0.0 69  0.0  0.0  1.0 -7.3 -0.0\n'
WIPER [10.6 Hz] b'75272.0 0 1 12.4  0.0  0.0  1.0  0.0  0.0 23  0.0 -0.0 69  0.0  0.0  1.0 -6.7 -0.0\n'
WIPER [10.6 Hz] b'75358.0 0 1 12.4  0.0  0.0  1.0  0.0  0.0 23  0.0 -0.0 69  0.0  0.0  1.0 -7.2 -0.0\n'
WIPER [7.1 Hz] b'75445.0 0 1 12.4  0.0  0.0  1.0  0.0  0.0 23  0.0 -0.0 69  0.0  0.0  1.0 -6.9 -0.0\n'
WIPER [985.5 Hz] b'75531.0 0 1 12.4  0.0  0.0  1.0  0.0  0.0 23  0.0 -0.0 69  0.0  0.0  1.0 -7.1 -0.0\n'
WIPER [10.6 Hz] b'75617.0 0 1 12.4  0.0  0.0  1.0  0.0  0.0 23  0.0 -0.0 69  0.0  0.0  1.0 -7.1 -0.0\n'
WIPER [10.2 Hz] b'75704.0 0 1 12.4  0.0  0.0  1.0  0.0  0.0 23  0.0 -0.0 69  0.0  0.0  1.0 -7.1 -0.0\n'
WIPER [9.3 Hz] b'75790.0 0 1 12.4  0.0  0.0  1.0  0.0  0.0 23  0.0 -0.0 69  0.0  0.0  1.0 -7.0 -0.0\n'
WIPER [8.0 Hz] b'75876.0 0 1 12.4  0.0  0.0  1.0  0.0  0.0 23  0.0 -0.0 69  0.0  0.0  1.0 -7.1 -0.0\n'
WIPER b'75962.0 0 1 12.4  0.0  0.0  1.0  0.0  0.0 23  0.0 -0.0 69  0.0  0.0  1.0 -6.7 -0.0\n'
WIPER [10.4 Hz] b'76049.0 0 1 12.4  0.0  0.0  1.0  0.0  0.0 23  0.0 -0.0 69  0.0  0.0  1.0 -7.0 -0.0\n'
WIPER [9.0 Hz] b'76135.0 0 1 12.4  0.0  0.0  1.0  0.0  0.0 23  0.0 -0.0 69  0.0  0.0  1.0 -7.6 -0.0\n'
WIPER [10.7 Hz] b'76221.0 0 1 12.4  0.0  0.0  1.0  0.0  0.0 23  0.0 -0.0 69  0.0  0.0  1.0 -7.3 -0.0\n'
WIPER [7.9 Hz] b'76308.0 0 1 12.4  0.0  0.0  1.0  0.0  0.0 23  0.0 -0.0 69  0.0  0.0  1.0 -6.8 -0.0\n'
WIPER b'76394.0 0 1 12.4  0.0  0.0  1.0  0.0  0.0 23  0.0 -0.0 69  0.0  0.0  1.0 -7.0 -0.0\n'
WIPER [9.1 Hz] b'76480.0 0 1 12.4  0.0  0.0  1.0  0.0  0.0 23  0.0 -0.0 69  0.0  0.0  1.0 -7.1 -0.0\n'
WIPER [10.5 Hz] b'76567.0 0 1 12.4  0.0  0.0  1.0  0.0  0.0 23  0.0 -0.0 69  0.0  0.0  1.0 -6.7 -0.0\n'
WIPER [9.1 Hz] b'76653.0 0 1 12.4  0.0  0.0  1.0  0.0  0.0 23  0.0 -0.0 69  0.0  0.0  1.0 -7.0 -0.0\n'
WIPER [9.0 Hz] b'76739.0 0 1 12.4  0.0  0.0  1.0  0.0  0.0 23  0.0 -0.0 69  0.0  0.0  1.0 -7.3 -0.0\n'
WIPER b'76825.0 0 1 12.4  0.0  0.0  1.0  0.0  0.0 23  0.0 -0.0 69  0.0  0.0  1.0 -7.5 -0.0\n'
WIPER [9.0 Hz] b'76912.0 0 1 12.4  0.0  0.0  1.0  0.0  0.0 23  0.0 -0.0 69  0.0  0.0  1.0 -6.8 -0.0\n'
WIPER [7.9 Hz] b'76998.0 0 1 12.4  0.0  0.0  1.0  0.0  0.0 23  0.0 -0.0 69  0.0  0.0  1.0 -6.9 -0.0\n'
WIPER [10.6 Hz] b'77084.0 0 1 12.4  0.0  0.0  1.0  0.0  0.0 23  0.0 -0.0 69  0.0  0.0  1.0 -6.8 -0.0\n'
WIPER [9.8 Hz] b'77171.0 0 1 12.4  0.0  0.0  1.0  0.0  0.0 23  0.0 -0.0 69  0.0  0.0  1.0 -7.0 -0.0\n'
WIPER [971.6 Hz] b'77257.0 0 1 12.4  0.0  0.0  1.0  0.0  0.0 23  0.0 -0.0 69  0.0  0.0  1.0 -6.6 -0.0\n'
WIPER [8.6 Hz] b'77343.0 0 1 12.4  0.0  0.0  1.0  0.0  0.0 23  0.0 -0.0 69  0.0  0.0  1.0 -7.3 -0.0\n'
WIPER [9.1 Hz] b'77430.0 0 1 12.4  0.0  0.0  1.0  0.0  0.0 23  0.0 -0.0 69  0.0  0.0  1.0 -6.8 -0.0\n'
WIPER [10.6 Hz] b'77516.0 0 1 12.4  0.0  0.0  1.0  0.0  0.0 23  0.0 -0.0 69  0.0  0.0  1.0 -7.2 -0.0\n'
WIPER [9.1 Hz] b'77602.0 0 1 12.4  0.0  0.0  1.0  0.0  0.0 23  0.0 -0.0 69  0.0  0.0  1.0 -6.3 -0.0\n'
WIPER b'77688.0 0 1 12.4  0.0  0.0  1.0  0.0  0.0 23  0.0 -0.0 69  0.0  0.0  1.0 -7.0 -0.0\n'
WIPER [9.1 Hz] b'77775.0 0 1 12.4  0.0  0.0  1.0  0.0  0.0 23  0.0 -0.0 69  0.0  0.0  1.0 -7.4 -0.0\n'
WIPER [7.9 Hz] b'77861.0 0 1 12.4  0.0  0.0  1.0  0.0  0.0 23  0.0 -0.0 69  0.0  0.0  1.0 -6.5 -0.0\n'
WIPER [10.6 Hz] b'77947.0 0 1 12.4  0.0  0.0  1.0  0.0  0.0 23  0.0 -0.0 69  0.0  0.0  1.0 -6.6 -0.0\n'
WIPER [10.7 Hz] b'78034.0 0 1 12.4  0.0  0.0  1.0  0.0  0.0 23  0.0 -0.0 69  0.0  0.0  1.0 -7.1 -0.0\n'
WIPER b'78120.0 0 1 12.4  0.0  0.0  1.0  0.0  0.0 23  0.0 -0.0 69  0.0  0.0  1.0 -7.1 -0.0\n'
WIPER [9.1 Hz] b'78206.0 0 1 12.4  0.0  0.0  1.0  0.0  0.0 23  0.0 -0.0 69  0.0  0.0  1.0 -7.0 -0.0\n'
WIPER [7.0 Hz] b'78292.0 0 1 12.4  0.0  0.0  1.0  0.0  0.0 23  0.0 -0.0 69  0.0  0.0  1.0 -6.8 -0.0\n'
WIPER [12.8 Hz] b'78380.0 0 1 12.4  0.0  0.0  1.0  0.0  0.0 23  0.0 -0.0 69  0.0  0.0  1.0 -7.0 -0.0\n'
WIPER [7.9 Hz] b'78466.0 0 1 12.4  0.0  0.0  1.0  0.0  0.0 23  0.0 -0.0 69  0.0  0.0  1.0 -7.2 -0.0\n'
WIPER b'78552.0 0 1 12.4  0.0  0.0  1.0  0.0  0.0 23  0.0 -0.0 69  0.0  0.0  1.0 -7.1 -0.0\n'
WIPER [9.1 Hz] b'78639.0 0 1 12.4  0.0  0.0  1.0  0.0  0.0 23  0.0 -0.0 69  0.0  0.0  1.0 -6.6 -0.0\n'
WIPER [12.7 Hz] b'78725.0 0 1 12.4  0.0  0.0  1.0  0.0  0.0 23  0.0 -0.0 69  0.0  0.0  1.0 -7.4 -0.0\n'
WIPER [7.9 Hz] b'78811.0 0 1 12.4  0.0  0.0  1.0  0.0  0.0 23  0.0 -0.0 69  0.0  0.0  1.0 -6.9 -0.0\n'
WIPER [9.1 Hz] b'78898.0 0 1 12.4  0.0  0.0  1.0  0.0  0.0 23  0.0 -0.0 69  0.0  0.0  1.0 -7.1 -0.0\n'
WIPER b'78984.0 0 1 12.4  0.0  0.0  1.0  0.0  0.0 23  0.0 -0.0 69  0.0  0.0  1.0 -6.9 -0.0\n'
WIPER [9.1 Hz] b'79070.0 0 1 12.4  0.0  0.0  1.0  0.0  0.0 23  0.0 -0.0 69  0.0  0.0  1.0 -7.1 -0.0\n'
WIPER [10.6 Hz] b'79156.0 0 1 12.4  0.0  0.0  1.0  0.0  0.0 23  0.0 -0.0 69  0.0  0.0  1.0 -7.1 -0.0\n'
WIPER [9.1 Hz] b'79243.0 0 1 12.4  0.0  0.0  1.0  0.0  0.0 23  0.0 -0.0 69  0.0  0.0  1.0 -7.2 -0.0\n'
WIPER [8.0 Hz] b'79329.0 0 1 12.4  0.0  0.0  1.0  0.0  0.0 23  0.0 -0.0 69  0.0  0.0  1.0 -7.3 -0.0\n'
WIPER b'79415.0 0 1 12.4  0.0  0.0  1.0  0.0  0.0 23  0.0 -0.0 69  0.0  0.0  1.0 -7.3 -0.0\n'
WIPER [10.5 Hz] b'79502.0 0 1 12.4  0.0  0.0  1.0  0.0  0.0 23  0.0 -0.0 69  0.0  0.0  1.0 -7.2 -0.0\n'
WIPER [9.1 Hz] b'79588.0 0 1 12.4  0.0  0.0  1.0  0.0  0.0 23  0.0 -0.0 69  0.0  0.0  1.0 -7.4 -0.0\n'
WIPER [8.6 Hz] b'79674.0 0 1 12.4  0.0  0.0  1.0  0.0  0.0 23  0.0 -0.0 69  0.0  0.0  1.0 -7.5 -0.0\n'
WIPER b'79761.0 0 1 12.4  0.0  0.0  1.0  0.0  0.0 23  0.0 -0.0 69  0.0  0.0  1.0 -7.4 -0.0\n'
WIPER [11.4 Hz] b'79847.0 0 1 12.4  0.0  0.0  1.0  0.0  0.0 23  0.0 -0.0 69  0.0  0.0  1.0 -7.0 -0.0\n'
WIPER [7.3 Hz] b'79933.0 0 1 12.4  0.0  0.0  1.0  0.0  0.0 23  0.0 -0.0 69  0.0  0.0  1.0 -7.5 -0.0\n'
WIPER [10.1 Hz] b'80019.0 0 1 12.4  0.0  0.0  1.0  0.0  0.0 23  0.0 -0.0 69  0.0  0.0  1.0 -6.9 -0.0\n'
WIPER [10.6 Hz] b'80106.0 0 1 12.4  0.0  0.0  1.0  0.0  0.0 23  0.0 -0.0 69  0.0  0.0  1.0 -7.4 -0.0\n'
WIPER b'80192.0 0 1 12.4  0.0  0.0  1.0  0.0  0.0 23  0.0 -0.0 69  0.0  0.0  1.0 -7.0 -0.0\n'
WIPER [9.1 Hz] b'80278.0 0 1 12.4  0.0  0.0  1.0  0.0  0.0 23  0.0 -0.0 69  0.0  0.0  1.0 -6.9 -0.0\n'
WIPER [7.4 Hz] b'80365.0 0 1 12.4  0.0  0.0  1.0  0.0  0.0 23  0.0 -0.0 69  0.0  0.0  1.0 -7.0 -0.0\n'
WIPER [14.4 Hz] b'80451.0 0 1 12.4  0.0  0.0  1.0  0.0  0.0 23  0.0 -0.0 69  0.0  0.0  1.0 -114.1 -0.0\n'
WIPER [7.9 Hz] b'80539.0 0 1 12.4  0.0  0.0  1.0  0.0 -1.0 23  0.0 -0.0 69  0.0  0.0  1.0 -7.5 -0.0\n'
WIPER b'80626.0 0 1 12.4  0.0  0.0  1.0  0.0  0.0 23  0.0 -0.0 69  0.0  0.0  1.0 -6.4 -0.0\n'
WIPER [9.0 Hz] b'80712.0 0 1 12.4  0.0  0.0  1.0  0.0  0.0 23  0.0 -0.0 69  0.0  0.0  1.0 -6.0 -0.0\n'
WIPER [9.1 Hz] b'80798.0 0 1 12.4  0.0  0.0  1.0  0.0  0.0 23  0.0 -0.0 69  0.0  0.0  1.0 -6.9 -0.0\n'
WIPER [10.6 Hz] b'80884.0 0 1 12.4  0.0  0.0  1.0  0.0  0.0 23  0.0 -0.0 69  0.0  0.0  1.0 -7.1 -0.0\n'
WIPER [7.8 Hz] b'80971.0 0 1 12.4  0.0  0.0  1.0  0.0  0.0 23  0.0 -0.0 69  0.0  0.0  1.0 -7.4 -0.0\n'
WIPER b'81057.0 0 1 12.4  0.0  0.0  1.0  0.0  0.0 23  0.0 -0.0 69  0.0  0.0  1.0 -7.1 -0.0\n'
WIPER [10.0 Hz] b'81143.0 0 1 12.4  0.0  0.0  1.0  0.0  0.0 23  0.0 -0.0 69  0.0  0.0  1.0 -7.3 -0.0\n'
WIPER [10.0 Hz] b'81230.0 0 1 12.4  0.0  0.0  1.0  0.0  0.0 23  0.0 -0.0 69  0.0  0.0  1.0 -7.2 -0.0\n'
WIPER [10.0 Hz] b'81316.0 0 1 12.4  0.0  0.0  1.0  0.0  0.0 23  0.0 -0.0 69  0.0  0.0  1.0 -7.1 -0.0\n'
WIPER [8.3 Hz] b'81402.0 0 1 12.4  0.0  0.0  1.0  0.0  0.0 23  0.0 -0.0 69  0.0  0.0  1.0 -7.6 -0.0\n'
WIPER b'81489.0 0 1 12.4  0.0  0.0  1.0  0.0  0.0 23  0.0 -0.0 69  0.0  0.0  1.0 -7.6 -0.0\n'
WIPER [9.1 Hz] b'81575.0 0 1 12.4  0.0  0.0  1.0  0.0  0.0 23  0.0 -0.0 69  0.0  0.0  1.0 -6.8 -0.0\n'
WIPER [10.6 Hz] b'81661.0 0 1 12.4  0.0  0.0  1.0  0.0  0.0 23  0.0 -0.0 69  0.0  0.0  1.0 -6.9 -0.0\n'
WIPER [8.0 Hz] b'81747.0 0 1 12.4  0.0  0.0  1.0  0.0  0.0 23  0.0 -0.0 69  0.0  0.0  1.0 -7.2 -0.0\n'
WIPER [10.6 Hz] b'81835.0 0 1 12.4  0.0  0.0  1.0  0.0  0.0 23  0.0 -0.0 69  0.0  0.0  1.0 -7.3 -0.0\n'
WIPER b'81921.0 0 1 12.4  0.0  0.0  1.0  0.0  0.0 23  0.0 -0.0 69  0.0  0.0  1.0 -7.1 -0.0\n'
WIPER [9.1 Hz] b'82007.0 0 1 12.4  0.0  0.0  1.0  0.0  0.0 23  0.0 -0.0 69  0.0  0.0  1.0 -7.2 -0.0\n'
WIPER [9.1 Hz] b'82094.0 0 1 12.4  0.0  0.0  1.0  0.0  0.0 23  0.0 -0.0 69  0.0  0.0  1.0 -6.9 -0.0\n'
WIPER [9.1 Hz] b'82180.0 0 1 12.4  0.0  0.0  1.0  0.0  0.0 23  0.0 -0.0 69  0.0  0.0  1.0 -6.9 -0.0\n'
WIPER [8.0 Hz] b'82266.0 0 1 12.4  0.0  0.0  1.0  0.0  0.0 23  0.0 -0.0 69  0.0  0.0  1.0 -7.5 -0.0\n'
WIPER b'82352.0 0 1 12.4  0.0  0.0  1.0  0.0  0.0 23  0.0 -0.0 69  0.0  0.0  1.0 -7.1 -0.0\n'
WIPER [10.6 Hz] b'82439.0 0 1 12.4  0.0  0.0  1.0  0.0  0.0 23  0.0 -0.0 69  0.0  0.0  1.0 -7.5 -0.0\n'
WIPER [10.6 Hz] b'82525.0 0 1 12.4  0.0  0.0  1.0  0.0  0.0 23  0.0 -0.0 69  0.0  0.0  1.0 -7.5 -0.0\n'
WIPER [7.9 Hz] b'82611.0 0 1 12.4  0.0  0.0  1.0  0.0  0.0 23  0.0 -0.0 69  0.0  0.0  1.0 -11.3 -0.0\n'
WIPER [9.1 Hz] b'82699.0 0 1 12.4  0.0  0.0  1.0  0.0  0.0 23  0.0 -0.0 69  0.0  0.0  1.0 -7.2 -0.0\n'
WIPER b'82785.0 0 1 12.4  0.0  0.0  1.0  0.0  0.0 23  0.0 -0.0 69  0.0  0.0  1.0 -7.0 -0.0\n'
WIPER [9.1 Hz] b'82871.0 0 1 12.4  0.0  0.0  1.0  0.0  0.0 23  0.0 -0.0 69  0.0  0.0  1.0 -6.9 -0.0\n'
WIPER [10.6 Hz] b'82958.0 0 1 10.3  0.0  0.0  1.0  0.0 -1.0 23  0.0 -0.0 69  0.0  0.0  1.0 -18.2 -0.0\n'
WIPER [9.1 Hz] b'83045.0 0 1  9.9  0.0  0.0  1.0  0.0 -2.0 23  0.0 -1.0 69  0.0  0.0  1.0 -28.5 -0.0\n'
WIPER [10.6 Hz] b'83132.0 0 1 12.4  0.0  0.0  1.0  0.0  0.0 23  0.0 -0.0 69  0.0  0.0  1.0 15.5 -0.0\n'
WIPER [64.0 Hz] b'83218.0 0 1 12.4  0.0  0.0  1.0  0.0  0.0 23  0.0 -0.0 69  0.0  0.0  1.0 14.0 -0.0\n'
WIPER [8.0 Hz] b'83305.0 0 1 12.4  0.0  0.0  1.0  0.0  0.0 23  0.0 -0.0 69  0.0  0.0  1.0  4.0 -0.0\n'
WIPER [10.6 Hz] b'83391.0 0 1 12.4  0.0  0.0  1.0  0.0  0.0 23  0.0 -0.0 69  0.0  0.0  1.0 -9.7 -0.0\n'
WIPER [9.7 Hz] b'83477.0 0 1 12.4  0.0  0.0  1.0  0.0  0.0 23  0.0 -0.0 69  0.0  0.0  1.0 -14.5 -0.0\n'
WIPER [8.4 Hz] b'83565.0 0 1 12.4  0.0  0.0  1.0  0.0  0.0 23  0.0 -0.0 69  0.0  0.0  1.0 -10.8 -0.0\n'
WIPER [115.2 Hz] b'83652.0 0 1 12.4  0.0  0.0  1.0  0.0  0.0 23  0.0 -0.0 69  0.0  0.0  1.0 -13.2 -0.0\n'
WIPER [11.6 Hz] b'83739.0 0 1 12.4  0.0  0.0  1.0  0.0  0.0 23  0.0 -0.0 69  0.0  0.0  1.0 -10.5 -0.0\n'
WIPER [9.1 Hz] b'83827.0 0 1 12.4  0.0  0.0  1.0  0.0  0.0 23  0.0 -0.0 69  0.0  0.0  1.0 -14.9 -0.0\n'
WIPER [5.8 Hz] b'83914.0 0 1 12.4  0.0  0.0  1.0  0.0  0.0 23  0.0 -0.0 69  0.0  0.0  1.0 -11.1 -0.0\n'
WIPER [19.7 Hz] b'84001.0 0 1 12.4  0.0  0.0  1.0  0.0  0.0 23  0.0 -0.0 69  0.0  0.0  1.0 -12.5 -0.0\n'
WIPER [9.4 Hz] b'84088.0 0 1 12.4  0.0  0.0  1.0  0.0  0.0 23  0.0 -0.0 69  0.0  0.0  1.0 -9.5 -0.0\n'
WIPER b'84175.0 0 1 12.4  0.0  0.0  1.0  0.0  0.0 23  0.0 -0.0 69  0.0  0.0  1.0 -11.3 -0.0\n'
WIPER [10.3 Hz] b'84262.0 0 1 12.4  0.0  0.0  1.0  0.0  0.0 23  0.0 -0.0 69  0.0  0.0  1.0 -10.8 -0.0\n'
WIPER [8.0 Hz] b'84349.0 0 1 12.4  0.0  0.0  1.0  0.0  0.0 23  0.0 -0.0 69  0.0  0.0  1.0 -11.1 -0.0\n'
WIPER [9.1 Hz] b'84438.0 0 1 12.4  0.0  0.0  1.0  0.0  0.0 23  0.0 -0.0 69  0.0  0.0  1.0 -3.8 -0.0\n'
WIPER [10.6 Hz] b'84524.0 0 1 12.4  0.0  0.0  1.0  0.0  0.0 23  0.0 -0.0 69  0.0  0.0  1.0  9.8 -0.0\n'
WIPER b'84610.0 0 1 12.4  0.0  0.0  1.0  0.0  0.0 23  0.0 -0.0 69  0.0  0.0  1.0 14.3 -0.0\n'
WIPER [9.1 Hz] b'84697.0 0 1 12.4  0.0  0.0  1.0  0.0  0.0 23  0.0 -0.0 69  0.0  0.0  1.0 23.3 -0.0\n'
WIPER [10.6 Hz] b'84783.0 0 1 12.4  0.0  0.0  1.0  0.0  0.0 23  0.0 -0.0 69  0.0  0.0  1.0 18.3 -0.0\n'
WIPER [7.9 Hz] b'84869.0 0 1 12.4  0.0  0.0  1.0  0.0  0.0 23  0.0 -0.0 69  0.0  0.0  1.0 16.9 -0.0\n'
WIPER [9.1 Hz] b'84956.0 0 1 12.4  0.0  0.0  1.0  0.0  0.0 23  0.0 -0.0 69  0.0  0.0  1.0 17.1 -0.0\n'
WIPER [63.3 Hz] b'85042.0 0 1 12.4  0.0  0.0  1.0  0.0  0.0 23  0.0 -0.0 69  0.0  0.0  1.0 17.6 -0.0\n'
WIPER [9.6 Hz] b'85128.0 0 1 12.4  0.0  0.0  1.0  0.0  0.0 23  0.0 -0.0 69  0.0  0.0  1.0 15.5 -0.0\n'
WIPER [10.0 Hz] b'85214.0 0 1 12.3  0.0  0.0  1.0  0.0  0.0 23  0.0 -0.0 69  0.0  0.0  1.0 11.3 -0.0\n'
WIPER [9.5 Hz] b'85301.0 0 1 12.4  0.0  0.0  1.0  0.0  0.0 23  0.0 -0.0 69  0.0  0.0  1.0 17.1 -0.0\n'
WIPER [10.0 Hz] b'85387.0 0 1 12.4  0.0  0.0  1.0  0.0  0.0 23  0.0 -0.0 69  0.0  0.0  1.0  5.7 -0.0\n'
WIPER b'85473.0 0 1 12.4  0.0  0.0  1.0  0.0  0.0 23  0.0 -0.0 69  0.0  0.0  1.0  5.7 -0.0\n'
WIPER [9.2 Hz] b'85560.0 0 1 12.4  0.0  0.0  1.0  0.0  0.0 23  0.0 -0.0 69  0.0  0.0  1.0 12.8 -0.0\n'
WIPER [8.0 Hz] b'85646.0 0 1 12.4  0.0  0.0  1.0  0.0  0.0 23  0.0 -0.0 69  0.0  0.0  1.0 -2.1 -0.0\n'
WIPER [10.6 Hz] b'85732.0 0 1 12.4  0.0  0.0  1.0  0.0  0.0 23  0.0 -0.0 69  0.0  0.0  1.0 -14.1 -0.0\n'
WIPER [9.1 Hz] b'85819.0 0 1 12.4  0.0  0.0  1.0  0.0  0.0 23  0.0 -0.0 69  0.0  0.0  1.0 -12.7 -0.0\n'
WIPER b'85907.0 0 1 12.4  0.0  0.0  1.0  0.0  0.0 23  0.0 -0.0 69  0.0  0.0  1.0 -10.3 -0.0\n'
WIPER [9.1 Hz] b'85994.0 0 1 12.4  0.0  0.0  1.0  0.0  0.0 23  0.0 -0.0 69  0.0  0.0  1.0 -16.5 -0.0\n'
WIPER [10.6 Hz] b'86081.0 0 1 12.4  0.0  0.0  1.0  0.0  0.0 23  0.0 -0.0 69  0.0  0.0  1.0 -12.4 -0.0\n'
WIPER [8.0 Hz] b'86169.0 0 1 12.4  0.0  0.0  1.0  0.0  0.0 23  0.0 -0.0 69  0.0  0.0  1.0  8.5 -0.0\n'
WIPER [7.4 Hz] b'86255.0 0 1 12.4  0.0  0.0  1.0  0.0  0.0 23  0.0 -0.0 69  0.0  0.0  1.0 -4.8 -0.0\n'
WIPER b'86341.0 0 1 12.4  0.0  0.0  1.0  0.0  0.0 23  0.0 -0.0 69  0.0  0.0  1.0 -4.2 -0.0\n'
WIPER [11.8 Hz] b'86428.0 0 1 12.4  0.0  0.0  1.0  0.0  0.0 23  0.0 -0.0 69  0.0  0.0  1.0 -13.3 -0.0\n'
WIPER [10.6 Hz] b'86515.0 0 1 12.4  0.0  0.0  1.0  0.0  0.0 23  0.0 -0.0 69  0.0  0.0  1.0 -10.9 -0.0\n'
WIPER [9.1 Hz] b'86602.0 0 1 12.4  0.0  0.0  1.0  0.0  0.0 23  0.0 -0.0 69  0.0  0.0  1.0 -11.9 -0.0\n'
WIPER [9.5 Hz] b'86690.0 0 1 12.4  0.0  0.0  1.0  0.0  0.0 23  0.0 -1.0 69  0.0  0.0  1.0 -7.2 -0.0\n'
WIPER b'86776.0 0 1 12.4  0.0  0.0  1.0  0.0  0.0 23  0.0 -0.0 69  0.0  0.0  1.0 -13.7 -0.0\n'
WIPER [7.6 Hz] b'86863.0 0 1 12.4  0.0  0.0  1.0  0.0  \xbc\xfe 0.0 -0.0 69  0.0  0.0  1.0 -18.4 -0.0\n'
WIPER [10.6 Hz] b'86950.0 0 1 12.4  0.0  0.0  1.0  0.0  0.0 23  0.0 -0.0 69  0.0  0.0  1.0 -17.5 -0.0\n'
WIPER [10.6 Hz] b'87038.0 0 1 12.4  0.0  0.0  1.0  0.0  0.0 23  0.0 -0.0 69  0.0  0.0  1.0 -8.0 -0.0\n'
WIPER [8.0 Hz] b'87124.0 0 1 12.4  0.0  0.0  1.0  0.0  0.0 23  0.0 -0.0 69  0.0  0.0  1.0 -8.1 -0.0\n'
WIPER b'87211.0 0 1 12.4  0.0  0.0  1.0  0.0  0.0 23  0.0 -0.0 69  0.0  0.0  1.0 -8.5 -0.0\n'
WIPER [10.6 Hz] b'87298.0 0 1 12.4  0.0  0.0  1.0  0.0  0.0 23  0.0 -0.0 69  0.0  0.0  1.0 -8.3 -0.0\n'
WIPER [9.1 Hz] b'87384.0 0 1 12.4  0.0  0.0  1.0  0.0  0.0 23  0.0 -0.0 69  0.0  0.0  1.0 -8.1 -0.0\n'
WIPER [8.0 Hz] b'87470.0 0 1 12.4  0.0  0.0  1.0  0.0  0.0 23  0.0 -0.0 69  0.0  0.0  1.0 -9.0 -0.0\n'
WIPER [10.5 Hz] b'87557.0 0 1 12.4  0.0  0.0  1.0  0.0  0.0 23  0.0 -0.0 69  0.0  0.0  1.0 -8.9 -0.0\n'
WIPER b'87643.0 0 1 12.4  0.0  0.0  1.0  0.0  0.0 23  0.0 -0.0 69  0.0  0.0  1.0 -8.4 -0.0\n'
WIPER [9.1 Hz] b'87729.0 0 1 12.4  0.0  0.0  1.0  0.0  0.0 23  0.0 -0.0 69  0.0  0.0  1.0 -8.7 -0.0\n'
WIPER [10.6 Hz] b'87816.0 0 1 12.4  0.0  0.0  1.0  0.0  0.0 23  0.0 -0.0 69  0.0  0.0  1.0 -8.9 -0.0\n'
WIPER [9.1 Hz] b'87902.0 0 1 12.4  0.0  0.0  1.0  0.0  0.0 23  0.0 -0.0 69  0.0  0.0  1.0 -9.0 -0.0\n'
WIPER [7.9 Hz] b'87988.0 0 1 12.4  0.0  0.0  1.0  0.0  0.0 23  0.0 -0.0 69  0.0  0.0  1.0 -8.8 -0.0\n'
WIPER b'88074.0 0 1 12.4  0.0  0.0  1.0  0.0  0.0 23  0.0 -0.0 69  0.0  0.0  1.0 -8.4 -0.0\n'
WIPER [9.0 Hz] b'88161.0 0 1 12.4  0.0  0.0  1.0  0.0  0.0 23  0.0 -0.0 69  0.0  0.0  1.0 -8.8 -0.0\n'
WIPER [10.6 Hz] b'88247.0 0 1 12.4  0.0  0.0  1.0  0.0  0.0 23  0.0 -0.0 69  0.0  0.0  1.0 -8.6 -0.0\n'
WIPER [10.4 Hz] b'88333.0 0 1 12.4  0.0  0.0  1.0  0.0  0.0 23  0.0 -0.0 69  0.0  0.0  1.0 -8.7 -0.0\n'
WIPER [8.0 Hz] b'88420.0 0 1 12.4  0.0  0.0  1.0  0.0  0.0 23  0.0 -0.0 69  0.0  0.0  1.0 -8.4 -0.0\n'
WIPER b'88506.0 0 1 12.4  0.0  0.0  1.0  0.0  0.0 23  0.0 -0.0 69  0.0  0.0  1.0 -11.3 -0.0\n'
WIPER [9.0 Hz] b'88593.0 0 1 12.4  0.0  0.0  1.0  0.0  0.0 23  0.0 -0.0 69  0.0  0.0  1.0 -9.8 -0.0\n'
WIPER [7.9 Hz] b'88680.0 0 1 12.4  0.0  0.0  1.0  0.0  0.0 23  0.0 -0.0 69  0.0  0.0  1.0 -9.0 -0.0\n'
WIPER [10.6 Hz] b'88766.0 0 1 12.4  0.0  0.0  1.0  0.0  0.0 23  0.0 -0.0 69  0.0  0.0  1.0 -8.6 -0.0\n'
WIPER [10.6 Hz] b'88852.0 0 1 12.4  0.0  0.0  1.0  0.0  0.0 23  0.0 -0.0 69  0.0  0.0  1.0 -8.6 -0.0\n'
WIPER b'88938.0 0 1 12.4  0.0  0.0  1.0  0.0  0.0 23  0.0 -0.0 69  0.0  0.0  1.0 -10.0 -0.0\n'
WIPER [9.1 Hz] b'89026.0 0 1 12.4  0.0  0.0  1.0  0.0  0.0 23  0.0 -0.0 69  0.0  0.0  1.0 -8.2 -0.0\n'
WIPER [7.6 Hz] b'89112.0 0 1 12.4  0.0  0.0  1.0  0.0  0.0 23  0.0 -0.0 69  0.0  0.0  1.0 -8.7 -0.0\n'
WIPER [14.0 Hz] b'89198.0 0 1 12.4  0.0  0.0  1.0  0.0  0.0 23  0.0 -0.0 69  0.0  0.0  1.0 -8.4 -0.0\n'
WIPER [8.8 Hz] b'89285.0 0 1 12.4  0.0  0.0  1.0  0.0  0.0 23  0.0 -0.0 69  0.0  0.0  1.0 -8.4 -0.0\n'
WIPER b'89371.0 0 1 12.4  0.0  0.0  1.0  0.0  0.0 23  0.0 -0.0 69  0.0  0.0  1.0 -8.7 -0.0\n'
WIPER [7.1 Hz] b'89457.0 0 1 12.4  0.0  0.0  1.0  0.0  0.0 23  0.0 -0.0 69  0.0  0.0  1.0 -8.4 -0.0\n'
WIPER [10.5 Hz] b'89544.0 0 1 12.4  0.0  0.0  1.0  0.0  0.0 23  0.0 -0.0 69  0.0  0.0  1.0 -9.0 -0.0\n'
WIPER [10.6 Hz] b'89630.0 0 1 12.4  0.0  0.0  1.0  0.0  0.0 23  0.0 -0.0 69  0.0  0.0  1.0 -8.5 -0.0\n'
WIPER b'89716.0 0 1 12.4  0.0  0.0  1.0  0.0  0.0 23  0.0 -0.0 69  0.0  0.0  1.0 -8.2 -0.0\n'
WIPER [9.0 Hz] b'89802.0 0 1 12.4  0.0  0.0  1.0  0.0  0.0 23  0.0 -0.0 69  0.0  0.0  1.0 -7.9 -0.0\n'
WIPER [9.1 Hz] b'89889.0 0 1 12.4  0.0  0.0  1.0  0.0  0.0 23  0.0 -0.0 69  0.0  0.0  1.0 -7.9 -0.0\n'
WIPER [10.6 Hz] b'89975.0 0 1 12.4  0.0  0.0  1.0  0.0  0.0 23  0.0 -0.0 69  0.0  0.0  1.0 -8.4 -0.0\n'
WIPER [7.3 Hz] b'90061.0 0 1 12.4  0.0  0.0  1.0  0.0  0.0 23  0.0 -0.0 69  0.0  0.0  1.0 -8.2 -0.0\n'
WIPER [641.5 Hz] b'90148.0 0 1 10.0  0.0  0.0  1.0  0.0  1.0 23  0.0  1.0 69  0.0  0.0  1.0 18.0 -0.0\n'
WIPER [10.5 Hz] b'90234.0 0 1 12.4  0.0  0.0  1.0  0.0  0.0 23  0.0 -0.0 69  0.0  0.0  1.0 -21.5 -0.0\n'
WIPER [9.2 Hz] b'90321.0 0 1 12.4  0.0  0.0  1.0  0.0  0.0 23  0.0 -0.0 69  0.0  0.0  1.0 -12.8 -0.0\n'
WIPER [9.1 Hz] b'90408.0 0 1 12.4  0.0  0.0  1.0  0.0  0.0 23  0.0 -0.0 69  0.0  0.0  1.0 -20.4 -0.0\n'
WIPER [9.1 Hz] b'90497.0 0 1 12.4  0.0  0.0  1.0  0.0  0.0 23  0.0 -0.0 69  0.0  0.0  1.0 -11.2 -0.0\n'
WIPER [10.6 Hz] b'90584.0 0 1 12.4  0.0  0.0  1.0  0.0  0.0 23  0.0 -0.0 69  0.0  0.0  1.0 -17.2 -0.0\n'
WIPER b'90671.0 0 1 12.4  0.0  0.0  1.0  0.0  0.0 23  0.0 -0.0 69  0.0  0.0  1.0 -13.1 -0.0\n'
WIPER [8.7 Hz] b'90759.0 0 1 12.4  0.0  0.0  1.0  0.0  0.0 23  0.0 -0.0 69  0.0  0.0  1.0 -7.9 -0.0\n'
WIPER [8.2 Hz] b'90845.0 0 1 12.4  0.0  0.0  1.0  0.0  0.0 23  0.0 -0.0 69  0.0  0.0  1.0  0.7 -0.0\n'
WIPER [10.6 Hz] b'90931.0 0 1 12.4  0.0  0.0  1.0  0.0  0.0 23  0.0 -0.0 69  0.0  0.0  1.0 -5.4 -0.0\n'
WIPER [9.1 Hz] b'91018.0 0 1 12.4  0.0  0.0  1.0  0.0  0.0 23  0.0 -0.0 69  0.0  0.0  1.0 -10.6 -0.0\n'
WIPER b'91105.0 0 1 12.4  0.0  0.0  1.0  0.0  0.0 23  0.0 -0.0 69  0.0  0.0  1.0 19.1 -0.0\n'
WIPER [9.1 Hz] b'91191.0 0 1 12.4  0.0  0.0  1.0  0.0  0.0 23  0.0 -0.0 69  0.0  0.0  1.0 -4.0 -0.0\n'
WIPER [10.6 Hz] b'91278.0 0 1 12.4  0.0  0.0  1.0  0.0  0.0 23  0.0 -0.0 69  0.0  0.0  1.0 -3.2 -0.0\n'
WIPER [7.9 Hz] b'91364.0 0 1 12.4  0.0  0.0  1.0  0.0  0.0 23  0.0 -0.0 69  0.0  0.0  1.0 -3.4 -0.0\n'
WIPER [10.6 Hz] b'91450.0 0 1 12.4  0.0  0.0  1.0  0.0  0.0 23  0.0 -0.0 69  0.0  0.0  1.0 -3.9 -0.0\n'
WIPER b'91536.0 0 1 12.4  0.0  0.0  1.0  0.0  0.0 23  0.0 -0.0 69  0.0  0.0  1.0 -4.3 -0.0\n'
WIPER [9.0 Hz] b'91623.0 0 1 12.4  0.0  0.0  1.0  0.0  0.0 23  0.0 -0.0 69  0.0  0.0  1.0 -3.3 -0.0\n'
WIPER [8.0 Hz] b'91709.0 0 1 12.4  0.0  0.0  1.0  0.0  0.0 23  0.0 -0.0 69  0.0  0.0  1.0 -3.1 -0.0\n'
WIPER [10.5 Hz] b'91795.0 0 1 12.4  0.0  0.0  1.0  0.0  0.0 23  0.0 -0.0 69  0.0  0.0  1.0 -3.3 -0.0\n'
WIPER [9.1 Hz] b'91882.0 0 1 12.4  0.0  0.0  1.0  0.0  0.0 23  0.0 -0.0 69  0.0  0.0  1.0 -2.0 -0.0\n'
WIPER b'91968.0 0 1 12.4  0.0  0.0  1.0  0.0  0.0 23  0.0 -0.0 69  0.0  0.0  1.0 -4.0 -0.0\n'
WIPER [10.5 Hz] b'92054.0 0 1 12.4  0.0  0.0  1.0  0.0  0.0 23  0.0 -0.0 69  0.0  0.0  1.0 -2.7 -0.0\n'
WIPER [7.7 Hz] b'92141.0 0 1 12.4  0.0  0.0  1.0  0.0  0.0 23  0.0 -0.0 69  0.0  0.0  1.0 -3.4 -0.0\n'
WIPER [9.3 Hz] b'92227.0 0 1 12.4  0.0  0.0  1.0  0.0  0.0 23  0.0 -0.0 69  0.0  0.0  1.0 -2.9 -0.0\n'
WIPER [10.6 Hz] b'92313.0 0 1 12.4  0.0  0.0  1.0  0.0  0.0 23  0.0 -0.0 69  0.0  0.0  1.0 -3.1 -0.0\n'
WIPER b'92399.0 0 1 12.4  0.0  0.0  1.0  0.0  0.0 23  0.0 -0.0 69  0.0  0.0  1.0 -3.2 -0.0\n'
WIPER [9.1 Hz] b'92486.0 0 1 12.4  0.0  0.0  1.0  0.0  0.0 23  0.0 -0.0 69  0.0  0.0  1.0 -2.7 -0.0\n'
WIPER [7.9 Hz] b'92572.0 0 1 12.4  0.0  0.0  1.0  0.0  0.0 23  0.0 -0.0 69  0.0  0.0  1.0 -3.3 -0.0\n'
WIPER [10.6 Hz] b'92658.0 0 1 12.4  0.0  0.0  1.0  0.0  0.0 23  0.0 -0.0 69  0.0  0.0  1.0 -3.0 -0.0\n'
WIPER b'92745.0 0 1 12.4  0.0  0.0  1.0  0.0  0.0 23  0.0 -0.0 69  0.0  0.0  1.0 -3.2 -0.0\n'
WIPER [9.0 Hz] b'92831.0 0 1 12.4  0.0  0.0  1.0  0.0  0.0 23  0.0 -0.0 69  0.0  0.0  1.0 -2.5 -0.0\n'
WIPER [10.6 Hz] b'92917.0 0 1 12.4  0.0  0.0  1.0  0.0  0.0 23  0.0 -0.0 69  0.0  0.0  1.0 -6.0 -0.0\n'
WIPER [7.9 Hz] b'93003.0 0 1 12.4  0.0  0.0  1.0  0.0  0.0 23  0.0 -0.0 69  0.0  0.0  1.0 -3.5 -0.0\n'
WIPER [10.6 Hz] b'93090.0 0 1 12.4  0.0  0.0  1.0  0.0  0.0 23  0.0 -0.0 69  0.0  0.0  1.0 -3.0 -0.0\n'
WIPER [64.0 Hz] b'93176.0 0 1 12.4  0.0  0.0  1.0  0.0  0.0 23  0.0 -0.0 69  0.0  0.0  1.0 -3.6 -0.0\n'
WIPER [10.6 Hz] b'93262.0 0 1 12.4  0.0  0.0  1.0  0.0  0.0 23  0.0 -0.0 69  0.0  0.0  1.0 -3.0 -0.0\n'
WIPER [10.5 Hz] b'93349.0 0 1 12.4  0.0  0.0  1.0  0.0  0.0 23  0.0 -0.0 69  0.0  0.0  1.0 -3.4 -0.0\n'
WIPER [7.9 Hz] b'93435.0 0 1 12.4  0.0  0.0  1.0  0.0  0.0 23  0.0 -0.0 69  0.0  0.0  1.0 -2.8 -0.0\n'
WIPER [9.1 Hz] b'93521.0 0 1 12.4  0.0  0.0  1.0  0.0  0.0 23  0.0 -0.0 69  0.0  0.0  1.0 -3.1 -0.0\n'
WIPER [489.1 Hz] b'93608.0 0 1 12.4  0.0  0.0  1.0  0.0  0.0 23  0.0 -0.0 69  0.0  0.0  1.0 -3.2 -0.0\n'
WIPER [10.9 Hz] b'93694.0 0 1 12.4  0.0  0.0  1.0  0.0  0.0 23  0.0 -0.0 69  0.0  0.0  1.0 -3.4 -0.0\n'
WIPER [8.9 Hz] b'93780.0 0 1 12.4  0.0  0.0  1.0  0.0  0.0 23  0.0 -0.0 69  0.0  0.0  1.0 -2.6 -0.0\n'
WIPER [8.1 Hz] b'93867.0 0 1 12.4  0.0  0.0  1.0  0.0  0.0 23  0.0 -0.0 69  0.0  0.0  1.0 -3.1 -0.0\n'
WIPER [10.6 Hz] b'93954.0 0 1 12.4  0.0  0.0  1.0  0.0  0.0 23  0.0 -0.0 69  0.0  0.0  1.0 -3.1 -0.0\n'
WIPER b'94040.0 0 1 12.4  0.0  0.0  1.0  0.0  0.0 23  0.0 -0.0 69  0.0  0.0  1.0 -2.7 -0.0\n'
WIPER [9.1 Hz] b'94126.0 0 1 12.4  0.0  0.0  1.0  0.0  0.0 23  0.0 -0.0 69  0.0  0.0  1.0 -3.2 -0.0\n'
WIPER [10.6 Hz] b'94213.0 0 1 12.4  0.0  0.0  1.0  0.0  0.0 23  0.0 -0.0 69  0.0  0.0  1.0 -2.8 -0.0\n'
WIPER [7.1 Hz] b'94299.0 0 1 12.4  0.0  0.0  1.0  0.0  0.0 23  0.0 -0.0 69  0.0  0.0  1.0 -2.8 -0.0\n'
WIPER [10.5 Hz] b'94385.0 0 1 12.4  0.0  0.0  1.0  0.0  0.0 23  0.0 -0.0 69  0.0  0.0  1.0 -3.3 -0.0\n'
WIPER b'94472.0 0 1 12.4  0.0  0.0  1.0  0.0  0.0 23  0.0 -0.0 69  0.0  0.0  1.0 -3.3 -0.0\n'
WIPER [10.6 Hz] b'94558.0 0 1 12.4  0.0  0.0  1.0  0.0  0.0 23  0.0 -0.0 69  0.0  0.0  1.0 -2.8 -0.0\n'
WIPER [9.1 Hz] b'94644.0 0 1 12.4  0.0  0.0  1.0  0.0  0.0 23  0.0 -0.0 69  0.0  0.0  1.0 -2.6 -0.0\n'
WIPER [7.9 Hz] b'94730.0 0 1 12.4  0.0  0.0  1.0  0.0  0.0 23  0.0 -0.0 69  0.0  0.0  1.0 -2.9 -0.0\n'
WIPER [12.7 Hz] b'94817.0 0 1 12.4  0.0  0.0  1.0  0.0  0.0 23  0.0 -0.0 69  0.0  0.0  1.0 -3.2 -0.0\n'
WIPER b'94903.0 0 1 12.4  0.0  0.0  1.0  0.0  0.0 23  0.0 -0.0 69  0.0  0.0  1.0 -3.4 -0.0\n'
WIPER [7.4 Hz] b'94989.0 0 1 12.4  0.0  0.0  1.0  0.0  0.0 23  0.0 -0.0 69  0.0  0.0  1.0 -3.6 -0.0\n'
WIPER [10.0 Hz] b'95076.0 0 1 12.4  0.0  0.0  1.0  0.0  0.0 23  0.0 -0.0 69  0.0  0.0  1.0 -2.6 -0.0\n'
WIPER [10.0 Hz] b'95162.0 0 1 12.4  0.0  0.0  1.0  0.0  0.0 23  0.0 -0.0 69  0.0  0.0  1.0 -2.5 -0.0\n'
WIPER [9.3 Hz] b'95248.0 0 1 12.4  0.0  0.0  1.0  0.0  0.0 23  0.0 -0.0 69  0.0  0.0  1.0 -3.2 -0.0\n'
WIPER b'95335.0 0 1 12.4  0.0  0.0  1.0  0.0  0.0 23  0.0 -0.0 69  0.0  0.0  1.0 -2.8 -0.0\n'
WIPER [7.9 Hz] b'95421.0 0 1 12.4  0.0  0.0  1.0  0.0  0.0 23  0.0 -0.0 69  0.0  0.0  1.0 -2.8 -0.0\n'
WIPER [9.1 Hz] b'95507.0 0 1 12.4  0.0  0.0  1.0  0.0  0.0 23  0.0 -0.0 69  0.0  0.0  1.0 -2.9 -0.0\n'
WIPER [10.6 Hz] b'95593.0 0 1 12.4  0.0  0.0  1.0  0.0  0.0 23  0.0 -0.0 69  0.0  0.0  1.0 -2.8 -0.0\n'
WIPER [10.5 Hz] b'95680.0 0 1 12.4  0.0  0.0  1.0  0.0  0.0 23  0.0 -0.0 69  0.0  0.0  1.0 -3.0 -0.0\n'
WIPER [62.9 Hz] b'95766.0 0 1 12.4  0.0  0.0  1.0  0.0  0.0 23  0.0 -0.0 69  0.0  0.0  1.0 -3.2 -0.0\n'
WIPER [10.6 Hz] b'95852.0 0 1 12.4  0.0  0.0  1.0  0.0  0.0 23  0.0 -0.0 69  0.0  0.0  1.0 -3.5 -0.0\n'
WIPER [9.1 Hz] b'95939.0 0 1 12.4  0.0  0.0  1.0  0.0  0.0 23  0.0 -0.0 69  0.0  0.0  1.0 -3.4 -0.0\n'
WIPER [7.9 Hz] b'96025.0 0 1 12.4  0.0  0.0  1.0  0.0  0.0 23  0.0 -0.0 69  0.0  0.0  1.0 -2.8 -0.0\n'
WIPER [10.7 Hz] b'96111.0 0 1 12.4  0.0  0.0  1.0  0.0  0.0 23  0.0 -0.0 69  0.0  0.0  1.0 -3.1 -0.0\n'
WIPER b'96197.0 0 1 12.4  0.0  0.0  1.0  0.0  0.0 23  0.0 -0.0 69  0.0  0.0  1.0 -3.4 -0.0\n'
WIPER [9.0 Hz] b'96284.0 0 1 12.4  0.0  0.0  1.0  0.0  0.0 23  0.0 -0.0 69  0.0  0.0  1.0 -2.6 -0.0\n'
WIPER [9.0 Hz] b'96370.0 0 1 12.4  0.0  0.0  1.0  0.0  0.0 23  0.0 -0.0 69  0.0  0.0  1.0 -2.8 -0.0\n'
WIPER [10.6 Hz] b'96456.0 0 1 12.4  0.0  0.0  1.0  0.0  0.0 23  0.0 -0.0 69  0.0  0.0  1.0 -2.8 -0.0\n'
WIPER [7.9 Hz] b'96543.0 0 1 12.4  0.0  0.0  1.0  0.0  0.0 23  0.0 -0.0 69  0.0  0.0  1.0 -3.1 -0.0\n'
WIPER b'96629.0 0 1 12.4  0.0  0.0  1.0  0.0  0.0 23  0.0 -0.0 69  0.0  0.0  1.0 -3.4 -0.0\n'
WIPER [10.6 Hz] b'96715.0 0 1 12.4  0.0  0.0  1.0  0.0  0.0 23  0.0 -0.0 69  0.0  0.0  1.0 -3.1 -0.0\n'
WIPER [9.1 Hz] b'96802.0 0 1 12.4  0.0  0.0  1.0  0.0  0.0 23  0.0 -0.0 69  0.0  0.0  1.0 -3.2 -0.0\n'
WIPER [7.9 Hz] b'96888.0 0 1 12.4  0.0  0.0  1.0  0.0  0.0 23  0.0 -0.0 69  0.0  0.0  1.0 -2.9 -0.0\n'
WIPER [10.6 Hz] b'96974.0 0 1 12.4  0.0  0.0  1.0  0.0  0.0 23  0.0 -0.0 69  0.0  0.0  1.0 -3.5 -0.0\n'
WIPER b'97060.0 0 1 12.4  0.0  0.0  1.0  0.0  0.0 23  0.0 -0.0 69  0.0  0.0  1.0 -3.2 -0.0\n'
WIPER [9.0 Hz] b'97147.0 0 1 12.4  0.0  0.0  1.0  0.0  0.0 23  0.0 -0.0 69  0.0  0.0  1.0 -2.8 -0.0\n'
WIPER [10.6 Hz] b'97233.0 0 1 12.4  0.0  0.0  1.0  0.0  0.0 23  0.0 -0.0 69  0.0  0.0  1.0 -3.2 -0.0\n'
WIPER [7.4 Hz] b'97319.0 0 1 12.4  0.0  0.0  1.0  0.0  0.0 23  0.0 -0.0 69  0.0  0.0  1.0 -3.3 -0.0\n'
WIPER [10.0 Hz] b'97406.0 0 1 12.4  0.0  0.0  1.0  0.0  0.0 23  0.0 -0.0 69  0.0  0.0  1.0 -3.2 -0.0\n'
WIPER b'97492.0 0 1 12.4  0.0  0.0  1.0  0.0  0.0 23  0.0 -0.0 69  0.0  0.0  1.0 -1.7 -0.0\n'
WIPER [10.0 Hz] b'97579.0 0 1 12.4  0.0  0.0  1.0  0.0  0.0 23  0.0 -0.0 69  0.0  0.0  1.0 -3.2 -0.0\n'
WIPER [9.3 Hz] b'97666.0 0 1 12.4  0.0  0.0  1.0  0.0  0.0 23  0.0 -0.0 69  0.0  0.0  1.0 -3.3 -0.0\n'
WIPER [10.5 Hz] b'97752.0 0 1 12.4  0.0  0.0  1.0  0.0  0.0 23  0.0 -0.0 69  0.0  0.0  1.0 -3.3 -0.0\n'
WIPER [7.9 Hz] b'97838.0 0 1 12.4  0.0  0.0  1.0  0.0  0.0 23  0.0 -0.0 69  0.0  0.0  1.0 -3.1 -0.0\n'
WIPER b'97924.0 0 1 12.4  0.0  0.0  1.0  0.0  0.0 23  0.0 -0.0 69  0.0  0.0  1.0 -3.3 -0.0\n'
WIPER [9.1 Hz] b'98011.0 0 1 12.4  0.0  0.0  1.0  0.0  0.0 23  0.0 -0.0 69  0.0  0.0  1.0 -3.3 -0.0\n'
WIPER [10.6 Hz] b'98097.0 0 1 12.4  0.0  0.0  1.0  0.0  0.0 23  0.0 -0.0 69  0.0  0.0  1.0 -3.1 -0.0\n'
WIPER [9.1 Hz] b'98183.0 0 1 12.4  0.0  0.0  1.0  0.0  0.0 23  0.0 -0.0 69  0.0  0.0  1.0 -3.3 -0.0\n'
WIPER [9.1 Hz] b'98270.0 0 1 12.4  0.0  0.0  1.0  0.0  0.0 23  0.0 -0.0 69  0.0  0.0  1.0 -3.3 -0.0\n'
WIPER b'98356.0 0 1 12.4  0.0  0.0  1.0  0.0  0.0 23  0.0 -0.0 69  0.0  0.0  1.0 -3.6 -0.0\n'
WIPER [8.0 Hz] b'98442.0 0 1 12.4  0.0  0.0  1.0  0.0  0.0 23  0.0 -0.0 69  0.0  0.0  1.0 -3.7 -0.0\n'
WIPER [10.5 Hz] b'98528.0 0 1 12.4  0.0  0.0  1.0  0.0  0.0 23  0.0 -0.0 69  0.0  0.0  1.0 -3.0 -0.0\n'
WIPER [10.5 Hz] b'98615.0 0 1 12.4  0.0  0.0  1.0  0.0  0.0 23  0.0 -0.0 69  0.0  0.0  1.0 -2.9 -0.0\n'
WIPER [7.6 Hz] b'98701.0 0 1 12.4  0.0  0.0  1.0  0.0  0.0 23  0.0 -0.0 69  0.0  0.0  1.0 -3.4 -0.0\n'
WIPER b'98787.0 0 1 12.4  0.0  0.0  1.0  0.0  0.0 23  0.0 -0.0 69  0.0  0.0  1.0 -3.2 -0.0\n'
WIPER [11.3 Hz] b'98874.0 0 1 12.4  0.0  0.0  1.0  0.0  0.0 23  0.0 -0.0 69  0.0  0.0  1.0 -3.2 -0.0\n'
WIPER [9.0 Hz] b'98960.0 0 1 12.4  0.0  0.0  1.0  0.0  0.0 23  0.0 -0.0 69  0.0  0.0  1.0 -2.7 -0.0\n'
WIPER [8.0 Hz] b'99046.0 0 1 12.4  0.0  0.0  1.0  0.0  0.0 23  0.0 -0.0 69  0.0  0.0  1.0 -3.1 -0.0\n'
WIPER [12.7 Hz] b'99133.0 0 1 12.4  0.0  0.0  1.0  0.0  0.0 23  0.0 -0.0 69  0.0  0.0  1.0 -3.1 -0.0\n'
WIPER [62.7 Hz] b'99219.0 0 1 12.4  0.0  0.0  1.0  0.0  0.0 23  0.0 -0.0 69  0.0  0.0  1.0 -3.6 -0.0\n'
WIPER [10.5 Hz] b'99305.0 0 1 12.4  0.0  0.0  1.0  0.0  0.0 23  0.0 -0.0 69  0.0  0.0  1.0 -3.2 -0.0\n'
WIPER [7.9 Hz] b'99391.0 0 1 12.4  0.0  0.0  1.0  0.0  0.0 23  0.0 -0.0 69  0.0  0.0  1.0 -3.1 -0.0\n'
WIPER [10.6 Hz] b'99478.0 0 1 12.4  0.0  0.0  1.0  0.0  0.0 23  0.0 -0.0 69  0.0  0.0  1.0 -3.4 -0.0\n'
WIPER [9.1 Hz] b'99564.0 0 1 12.4  0.0  0.0  1.0  0.0  0.0 23  0.0 -0.0 69  0.0  0.0  1.0 -2.9 -0.0\n'
WIPER b'99650.0 0 1 12.4  0.0  0.0  1.0  0.0  0.0 23  0.0 -0.0 69  0.0  0.0  1.0 -3.5 -0.0\n'
WIPER [7.9 Hz] b'99737.0 0 1 12.4  0.0  0.0  1.0  0.0  0.0 23  0.0 -0.0 69  0.0  0.0  1.0 -3.4 -0.0\n'
WIPER [10.6 Hz] b'99823.0 0 1 12.4  0.0  0.0  1.0  0.0  0.0 23  0.0 -0.0 69  0.0  0.0  1.0 -3.3 -0.0\n'
WIPER [10.6 Hz] b'99909.0 0 1 12.4  0.0  0.0  1.0  0.0  0.0 23  0.0 -0.0 69  0.0  0.0  1.0 -3.6 -0.0\n'
WIPER [7.9 Hz] b'99996.0 0 1 12.4  0.0  0.0  1.0  0.0  0.0 23  0.0 -0.0 69  0.0  0.0  1.0 -3.5 -0.0\n'
WIPER b'100082.0 0 1 12.4  0.0  0.0  1.0  0.0  0.0 23  0.0 -0.0 69  0.0  0.0  1.0 -3.0 -0.0\n'
WIPER [10.6 Hz] b'100169.0 0 1 12.4  0.0  0.0  1.0  0.0  0.0 23  0.0 -0.0 69  0.0  0.0  1.0 -3.4 -0.0\n'
WIPER [7.9 Hz] b'100256.0 0 1 12.4  0.0  0.0  1.0  0.0  0.0 23  0.0 -0.0 69  0.0  0.0  1.0 -3.0 -0.0\n'
WIPER [10.6 Hz] b'100344.0 0 1 12.4  0.0  0.0  1.0  0.0  0.0 23  0.0 -0.0 69  0.0  0.0  1.0 -3.0 -0.0\n'
WIPER [9.1 Hz] b'100431.0 0 1 12.4  0.0  0.0  1.0  0.0  0.0 23  0.0 -0.0 69  0.0  0.0  1.0 -3.0 -0.0\n'
WIPER b'100518.0 0 1 12.4  0.0  0.0  1.0  0.0  0.0 23  0.0 -0.0 69  0.0  0.0  1.0 -3.1 -0.0\n'
WIPER [7.9 Hz] b'100606.0 0 1 12.4  0.0  0.0  1.0  0.0  0.0 23  0.0 -0.0 69  0.0  0.0  1.0 -2.9 -0.0\n'
WIPER [10.4 Hz] b'100694.0 0 1 12.4  0.0  0.0  1.0  0.0  0.0 23  0.0 -0.0 69  0.0  0.0  1.0 -3.0 -0.0\n'
WIPER [9.2 Hz] b'100781.0 0 1 12.4  0.0  0.0  1.0  0.0  0.0 23  0.0 -0.0 69  0.0  0.0  1.0 -3.3 -0.0\n'
WIPER [10.6 Hz] b'100869.0 0 1 12.4  0.0  0.0  1.0  0.0  0.0 23  0.0 -0.0 69  0.0  0.0  1.0 -3.0 -0.0\n'
WIPER b'100956.0 0 1 12.4  0.0  0.0  1.0  0.0  0.0 23  0.0 -0.0 69  0.0  0.0  1.0 -3.3 -0.0\n'
WIPER [7.9 Hz] b'101043.0 0 1 12.4  0.0  0.0  1.0  0.0  0.0 23  0.0 -0.0 69  0.0  0.0  1.0 -2.7 -0.0\n'
WIPER [9.0 Hz] b'101131.0 0 1 12.4  0.0  0.0  1.0  0.0  0.0 23  0.0 -0.0 69  0.0  0.0  1.0 -3.0 -0.0\n'
WIPER [10.5 Hz] b'101218.0 0 1 12.4  0.0  0.0  1.0  0.0  0.0 23  0.0 -0.0 69  0.0  0.0  1.0 -3.3 -0.0\n'
WIPER [9.1 Hz] b'101305.0 0 1 12.4  0.0  0.0  1.0  0.0  0.0 23  0.0 -0.0 69  0.0  0.0  1.0 -3.2 -0.0\n'
WIPER b'101393.0 0 1 12.4  0.0  0.0  1.0  0.0  0.0 23  0.0 -0.0 69  0.0  0.0  1.0 -3.0 -0.0\n'
WIPER [10.6 Hz] b'101480.0 0 1 12.4  0.0  0.0  1.0  0.0  0.0 23  0.0 -0.0 69  0.0  0.0  1.0 -2.8 -0.0\n'
WIPER [9.1 Hz] b'101567.0 0 1 12.4  0.0  0.0  1.0  0.0  0.0 23  0.0 -0.0 69  0.0  0.0  1.0 -3.6 -0.0\n'
WIPER [9.1 Hz] b'101654.0 0 1 12.4  0.0  0.0  1.0  0.0  0.0 23  0.0 -0.0 69  0.0  0.0  1.0 -2.9 -0.0\n'
WIPER [7.4 Hz] b'101742.0 0 1 12.4  0.0  0.0  1.0  0.0  0.0 23  0.0 -0.0 69  0.0  0.0  1.0 -3.3 -0.0\n'
WIPER [483.5 Hz] b'101829.0 0 1 12.4  0.0  0.0  1.0  0.0  0.0 23  0.0 -0.0 69  0.0  0.0  1.0 -3.4 -0.0\n'
WIPER [9.9 Hz] b'101916.0 0 1 12.4  0.0  0.0  1.0  0.0  0.0 23  0.0 -0.0 69  0.0  0.0  1.0 -2.8 -0.0\n'
WIPER [10.5 Hz] b'102004.0 0 1 12.4  0.0  0.0  1.0  0.0  0.0 23  0.0 -0.0 69  0.0  0.0  1.0 -3.3 -0.0\n'
WIPER [10.6 Hz] b'102091.0 0 1 12.4  0.0  0.0  1.0  0.0  0.0 23  0.0 -0.0 69  0.0  0.0  1.0 -2.5 -0.0\n'
WIPER [7.9 Hz] b'102178.0 0 1 12.4  0.0  0.0  1.0  0.0  0.0 23  0.0 -0.0 69  0.0  0.0  1.0 -2.4 -0.0\n'
WIPER [9.0 Hz] b'102266.0 0 1 12.4  0.0  0.0  1.0  0.0  0.0 23  0.0 -0.0 69  0.0  0.0  1.0 -2.8 -0.0\n'
WIPER b'102353.0 0 1 12.4  0.0  0.0  1.0  0.0  0.0 23  0.0 -0.0 69  0.0  0.0  1.0 -3.6 -0.0\n'
WIPER [10.6 Hz] b'102440.0 0 1 12.4  0.0  0.0  1.0  0.0  0.0 23  0.0 -0.0 69  0.0  0.0  1.0 -2.9 -0.0\n'
WIPER [9.0 Hz] b'102529.0 0 1 12.4  0.0  0.0  1.0  0.0  0.0 23  0.0 -0.0 69  0.0  0.0  1.0 -3.2 -0.0\n'
WIPER [7.9 Hz] b'102616.0 0 1 12.4  0.0  0.0  1.0  0.0  0.0 23  0.0 -0.0 69  0.0  0.0  1.0 -2.9 -0.0\n'
WIPER [10.6 Hz] b'102703.0 0 1 12.4  0.0  0.0  1.0  0.0  0.0 23  0.0 -0.0 69  0.0  0.0  1.0 -2.5 -0.0\n'
WIPER b'102791.0 0 1 12.4  0.0  0.0  1.0  0.0  0.0 23  0.0 -0.0 69  0.0  0.0  1.0 -2.8 -0.0\n'
WIPER [10.5 Hz] b'102878.0 0 1 12.4  0.0  0.0  1.0  0.0  0.0 23  0.0 -0.0 69  0.0  0.0  1.0 -3.1 -0.0\n'
WIPER [7.9 Hz] b'102965.0 0 1 12.4  0.0  0.0  1.0  0.0  0.0 23  0.0 -0.0 69  0.0  0.0  1.0 -3.3 -0.0\n'
WIPER [10.1 Hz] b'103052.0 0 1 12.4  0.0  0.0  1.0  0.0  0.0 23  0.0 -0.0 69  0.0  0.0  1.0 -2.8 -0.0\n'
WIPER [9.4 Hz] b'103140.0 0 1 12.4  0.0  0.0  1.0  0.0  0.0 23  0.0 -0.0 69  0.0  0.0  1.0 -3.1 -0.0\n'
WIPER b'103227.0 0 1 12.4  0.0  0.0  1.0  0.0  0.0 23  0.0 -0.0 69  0.0  0.0  1.0 -3.3 -0.0\n'
WIPER [7.9 Hz] b'103314.0 0 1 12.4  0.0  0.0  1.0  0.0  0.0 23  0.0 -0.0 69  0.0  0.0  1.0 -3.3 -0.0\n'
WIPER [10.6 Hz] b'103402.0 0 1 12.4  0.0  0.0  1.0  0.0  0.0 23  0.0 -0.0 69  0.0  0.0  1.0 -3.2 -0.0\n'
WIPER [9.1 Hz] b'103489.0 0 1 12.4  0.0  0.0  1.0  0.0  0.0 23  0.0 -0.0 69  0.0  0.0  1.0 -3.0 -0.0\n'
WIPER [9.7 Hz] b'103576.0 0 1 12.4  0.0  0.0  1.0  0.0  0.0 23  0.0 -0.0 69  0.0  0.0  1.0 -3.4 -0.0\n'
WIPER b'103664.0 0 1 12.4  0.0  0.0  1.0  0.0  0.0 23  0.0 -0.0 69  0.0  0.0  1.0 -3.7 -0.0\n'
WIPER [8.2 Hz] b'103751.0 0 1 12.4  0.0  0.0  1.0  0.0  0.0 23  0.0 -0.0 69  0.0  0.0  1.0 -3.0 -0.0\n'
WIPER [10.5 Hz] b'103838.0 0 1 12.4  0.0  0.0  1.0  0.0  0.0 23  0.0 -0.0 69  0.0  0.0  1.0 -3.2 -0.0\n'
WIPER [9.2 Hz] b'103926.0 0 1 12.4  0.0  0.0  1.0  0.0  0.0 23  0.0 -0.0 69  0.0  0.0  1.0 -3.2 -0.0\n'
WIPER [10.6 Hz] b'104013.0 0 1 12.4  0.0  0.0  1.0  0.0  0.0 23  0.0 -0.0 69  0.0  0.0  1.0 -3.4 -0.0\n'
WIPER b'104100.0 0 1 12.4  0.0  0.0  1.0  0.0  0.0 23  0.0 -0.0 69  0.0  0.0  1.0 -3.2 -0.0\n'
WIPER [7.1 Hz] b'104188.0 0 1 12.4  0.0  0.0  1.0  0.0  0.0 23  0.0 -0.0 69  0.0  0.0  1.0 -3.2 -0.0\n'
WIPER [8.7 Hz] b'104275.0 0 1 12.4  0.0  0.0  1.0  0.0  0.0 23  0.0 -0.0 69  0.0  0.0  1.0 -3.3 -0.0\n'
WIPER [11.7 Hz] b'104363.0 0 1 12.4  0.0  0.0  1.0  0.0  0.0 23  0.0 -0.0 69  0.0  0.0  1.0 -3.3 -0.0\n'
WIPER [9.8 Hz] b'104450.0 0 1 12.4  0.0  0.0  1.0  0.0  0.0 23  0.0 -0.0 69  0.0  0.0  1.0 -2.9 -0.0\n'
WIPER [7.9 Hz] b'104538.0 0 1 12.4  0.0  0.0  1.0  0.0  0.0 23  0.0 -0.0 69  0.0  0.0  1.0 -3.4 -0.0\n'
WIPER b'104625.0 0 1 12.4  0.0  0.0  1.0  0.0  0.0 23  0.0 -0.0 69  0.0  0.0  1.0 -2.9 -0.0\n'
WIPER [10.6 Hz] b'104712.0 0 1 12.4  0.0  0.0  1.0  0.0  0.0 23  0.0 -0.0 69  0.0  0.0  1.0 -3.1 -0.0\n'
WIPER [9.1 Hz] b'104800.0 0 1 12.4  0.0  0.0  1.0  0.0  0.0 23  0.0 -0.0 69  0.0  0.0  1.0 -3.5 -0.0\n'
WIPER [7.9 Hz] b'104887.0 0 1 12.4  0.0  0.0  1.0  0.0  0.0 23  0.0 -0.0 69  0.0  0.0  1.0 -3.2 -0.0\n'
WIPER [10.2 Hz] b'104974.0 0 1 12.4  0.0  0.0  1.0  0.0  0.0 23  0.0 -0.0 69  0.0  0.0  1.0 -3.2 -0.0\n'
WIPER [483.1 Hz] b'105062.0 0 1 12.4  0.0  0.0  1.0  0.0  0.0 23  0.0 -0.0 69  0.0  0.0  1.0 -2.8 -0.0\n'
WIPER [10.2 Hz] b'105149.0 0 1 12.4  0.0  0.0  1.0  0.0  0.0 23  0.0 -0.0 69  0.0  0.0  1.0 -2.8 -0.0\n'
WIPER [9.1 Hz] b'105236.0 0 1 12.4  0.0  0.0  1.0  0.0  0.0 23  0.0 -0.0 69  0.0  0.0  1.0 -2.8 -0.0\n'
WIPER [10.5 Hz] b'105324.0 0 1 12.4  0.0  0.0  1.0  0.0  0.0 23  0.0 -0.0 69  0.0  0.0  1.0 -2.8 -0.0\n'
WIPER [7.9 Hz] b'105411.0 0 1 12.4  0.0  0.0  1.0  0.0  0.0 23  0.0 -0.0 69  0.0  0.0  1.0 -3.1 -0.0\n'
WIPER b'105498.0 0 1 12.4  0.0  0.0  1.0  0.0  0.0 23  0.0 -0.0 69  0.0  0.0  1.0 -3.3 -0.0\n'
WIPER [8.8 Hz] b'105586.0 0 1 12.4  0.0  0.0  1.0  0.0  0.0 23  0.0 -0.0 69  0.0  0.0  1.0 -2.7 -0.0\n'
WIPER [10.9 Hz] b'105673.0 0 1 12.4  0.0  0.0  1.0  0.0  0.0 23  0.0 -0.0 69  0.0  0.0  1.0 -2.9 -0.0\n'
WIPER [10.6 Hz] b'105760.0 0 1 12.4  0.0  0.0  1.0  0.0  0.0 23  0.0 -0.0 69  0.0  0.0  1.0 -3.5 -0.0\n'
WIPER [7.9 Hz] b'105847.0 0 1 12.4  0.0  0.0  1.0  0.0  0.0 23  0.0 -0.0 69  0.0  0.0  1.0 -3.0 -0.0\n'
WIPER b'105935.0 0 1 12.4  0.0  0.0  1.0  0.0  0.0 23  0.0 -0.0 69  0.0  0.0  1.0 -2.9 -0.0\n'
WIPER [10.6 Hz] b'106022.0 0 1 12.4  0.0  0.0  1.0  0.0  0.0 23  0.0 -0.0 69  0.0  0.0  1.0 -3.3 -0.0\n'
WIPER [9.1 Hz] b'106109.0 0 1 12.4  0.0  0.0  1.0  0.0  0.0 23  0.0 -0.0 69  0.0  0.0  1.0 -3.4 -0.0\n'
WIPER [7.8 Hz] b'106198.0 0 1 12.4  0.0  0.0  1.0  0.0  0.0 23  0.0 -0.0 69  0.0  0.0  1.0 -2.8 -0.0\n'
WIPER [10.8 Hz] b'106285.0 0 1 12.4  0.0  0.0  1.0  0.0  0.0 23  0.0 -0.0 69  0.0  0.0  1.0 -2.7 -0.0\n'
WIPER b'106372.0 0 1 12.4  0.0  0.0  1.0  0.0  0.0 23  0.0 -0.0 69  0.0  0.0  1.0 -3.3 -0.0\n'
WIPER [10.5 Hz] b'106460.0 0 1 12.4  0.0  0.0  1.0  0.0  0.0 23  0.0 -0.0 69  0.0  0.0  1.0 -3.8 -0.0\n'
WIPER [0.9 Hz] b'107547.0 1 1 12.2  0.0  0.0  1.0  0.0  0.0 123 50.0 -0.0 169 50.0  0.0  1.0 -3.2  0.0\n'
WIPER [10.6 Hz] b'107575.0 1 1 12.4  0.0  0.0  1.0  0.0 15.4 123 50.0 18.5 169 50.0  0.0  1.0  8.8  0.0\n'
WIPER [7.9 Hz] b'107665.0 1 1  9.5  0.0  0.0  1.0  0.0 40.2 143 50.0 42.1 185 50.0  0.0  1.0 -9.4  0.0\n'
WIPER [12.7 Hz] b'107754.0 1 1 12.4  0.0  0.0  1.0  0.0 54.7 143 50.0 54.7 185 50.0  0.0  1.0 -1.8  0.0\n'
WIPER [10.6 Hz] b'107843.0 1 1 11.3  0.0  0.0  1.0  0.0 70.0 101 50.0 70.0 143 50.0  0.0  1.0 -2.3  0.0\n'
WIPER [58.9 Hz] b'107933.0 1 1 12.4  0.0  0.0  1.0  0.0 65.1 101 50.0 67.0 143 50.0  0.0  1.0 -13.1  0.1\n'
WIPER [8.0 Hz] b'108023.0 1 1 12.4  0.0  0.0  1.0  0.0 55.2 -69 -30.0 57.1 89 30.0  0.0  1.0  3.0  0.1\n'
WIPER [10.5 Hz] b'108112.0 1 1  9.3  0.0  0.0  1.0  0.0 -5.7 -69 50.0 26.8 89 50.0  0.0  1.0 -7.2  0.1\n'
WIPER [9.1 Hz] b'108201.0 1 1 12.4  0.0  0.0  1.0  0.0 -8.7 49 50.0  1.9 187 50.0  0.0  1.0  1.5  0.1\n'
WIPER [10.6 Hz] b'108290.0 1 1  9.0  0.0  0.0  1.0  0.0 16.6 49 50.0 27.3 187 50.0  0.0  1.0 -5.7  0.1\n'
WIPER [9.1 Hz] b'108378.0 1 1  9.8  0.0  0.0  1.0  0.0 17.5 115 50.0 54.3 179 50.0  0.0  1.0  2.1  0.1\n'
WIPER b'108468.0 1 1 12.4  0.0  0.0  1.0  0.0 33.5 115 50.0 63.3 179 50.0  0.0  1.0  7.8  0.1\n'
WIPER [7.9 Hz] b'108557.0 1 1 12.4  0.0  0.0  1.0  0.0 35.4 145 50.0 67.8 143 50.0  0.0  1.0 13.4  0.1\n'
WIPER [10.5 Hz] b'108646.0 1 1 12.4  0.0  0.0  1.0  0.0 41.3 145 30.0 62.4 143 -30.0  0.0  1.0 13.5  0.1\n'
WIPER [9.1 Hz] b'108737.0 1 1  9.8  0.0  0.0  1.0  0.0 49.4 107 30.0 54.1 -25 -30.0  0.0  1.0 14.6  0.1\n'
WIPER [10.6 Hz] b'108827.0 1 1  9.5  0.0  0.0  1.0  0.0 43.6 107 30.0  2.8 -25 -30.0  0.0  1.0 12.4  0.1\n'
WIPER [7.0 Hz] b'108917.0 1 1  9.6  0.0  0.0  1.0  0.0 36.9 95 30.0 -10.4 -63 -30.0  0.0  1.0  8.7  0.1\n'
WIPER b'109008.0 1 1 12.4  0.0  0.0  1.0  0.0 35.9 95 50.0 -15.1 -63 50.0  0.0  1.0 -3.3  0.1\n'
WIPER [12.7 Hz] b'109097.0 1 1 12.4  0.0  0.0  1.0  0.0 35.5 125 50.0 -15.4 69 50.0  0.0  1.0 -4.4  0.1\n'
WIPER [7.9 Hz] b'109188.0 1 1 12.4  0.0  0.0  1.0  0.0 45.9 125 50.0 18.2 69 50.0  0.0  1.0 -12.6  0.2\n'
WIPER [10.6 Hz] b'109277.0 1 1 10.8  0.0  0.0  1.0  0.0 53.6 -41 -30.0  8.6 113 30.0  0.0  1.0 -13.8  0.2\n'
WIPER [9.1 Hz] b'109368.0 1 1 -2.5  0.0  0.0  1.0  0.0  2.8 -41 -30.0 19.8 113 30.0  0.0  1.0 -12.5  0.2\n'
WIPER [10.6 Hz] b'109459.0 1 1 12.4  0.0  0.0  1.0  0.0 -3.7 -93 -30.0 15.0 145 30.0  0.0  1.0 -6.7  0.2\n'
WIPER [63.8 Hz] b'109550.0 1 1 12.4  0.0  0.0  1.0  0.0 -13.2 -93 50.0 21.8 145 50.0  0.0  1.0 -6.8  0.2\n'
WIPER [7.9 Hz] b'109640.0 1 1  9.6  0.0  0.0  1.0  0.0 -18.9 45 50.0 30.3 185 50.0  0.0  1.0 -5.6  0.2\n'
WIPER [9.0 Hz] b'109730.0 1 1 12.4  0.0  0.0  1.0  0.0 14.4 45 50.0 41.2 185 50.0  0.0  1.0 -2.7  0.2\n'
WIPER [12.7 Hz] b'109818.0 1 1 12.4  0.0  0.0  1.0  0.0 13.6 119 50.0 57.2 171 50.0  0.0  1.0  3.6  0.2\n'
WIPER [7.9 Hz] b'109907.0 1 1 12.4  0.0  0.0  1.0  0.0 28.8 119 50.0 53.7 171 50.0  0.0  1.0 11.3  0.2\n'
WIPER [10.5 Hz] b'109998.0 1 1  9.5  0.0  0.0  1.0  0.0 31.7 117 30.0 61.4 -11 -30.0  0.0  1.0 14.8  0.2\n'
WIPER b'110088.0 1 1 12.4  0.0  0.0  1.0  0.0 33.2 117 30.0  9.5 -11 -30.0  0.0  1.0  8.1  0.2\n'
WIPER [9.1 Hz] b'110178.0 1 1 12.4  0.0  0.0  1.0  0.0 34.0 149 50.0 -5.7 101 50.0  0.0  1.0  6.5  0.2\n'
WIPER [7.9 Hz] b'110268.0 1 1 10.1  0.0  0.0  1.0  0.0 48.7 149 50.0 21.0 101 50.0  0.0  1.0 -2.6  0.2\n'
WIPER [12.6 Hz] b'110357.0 1 1  8.5  0.0  0.0  1.0  0.0 67.1 113 50.0 20.1 161 50.0  0.0  1.0  4.3  0.2\n'
WIPER [7.9 Hz] b'110446.0 1 1 12.4  0.0  0.0  1.0  0.0 59.6 113 50.0 41.3 161 50.0  0.0  1.0 -8.3  0.2\n'
WIPER [10.7 Hz] b'110536.0 1 1 12.4  0.0  0.0  1.0  0.0 60.2 93 50.0 53.5 155 50.0  0.0  1.0 -6.7  0.2\n'
WIPER b'110624.0 1 1 12.4  0.0  0.0  1.0  0.0 60.0 93 50.0 60.0 155 50.0  0.0  1.0 -3.5  0.3\n'
WIPER [9.0 Hz] b'110713.0 1 1 10.1  0.0  0.0  1.0  0.0 57.3 79 50.0 60.2 135 50.0  0.0  1.0  8.1  0.3\n'
WIPER [7.9 Hz] b'110801.0 1 1 10.1  0.0  0.0  1.0  0.0 52.4 79 50.0 52.4 135 50.0  0.0  1.0 -2.1  0.3\n'
WIPER [10.6 Hz] b'110889.0 1 1 12.4  0.0  0.0  1.0  0.0 44.7 91 50.0 49.5 137 50.0  0.0  1.0 -2.0  0.3\n'
WIPER [10.6 Hz] b'110979.0 1 1 -2.5  0.0  0.0  1.0  0.0 47.5 91 50.0 45.5 137 50.0  0.0  1.0 -6.5  0.4\n'
WIPER b'111067.0 1 1 11.1  0.0  0.0  1.0  0.0 47.6 97 50.0 42.8 153 50.0  0.0  1.0 -10.4  0.4\n'
WIPER [7.9 Hz] b'111156.0 1 1 12.4  0.0  0.0  1.0  0.0 45.1 97 -30.0 47.0 153 30.0  0.0  1.0 -5.3  0.4\n'
WIPER [10.6 Hz] b'111246.0 1 1 12.4  0.0  0.0  1.0  0.0 51.6 95 50.0 54.5 145 50.0  0.0  1.0 -9.8  0.4\n'
WIPER [7.9 Hz] b'111334.0 1 1 11.2  0.0  0.0  1.0  0.0 54.4 95 50.0 56.3 145 50.0  0.0  1.0 -9.4  0.4\n'
WIPER [10.6 Hz] b'111422.0 1 1 12.4  0.0  0.0  1.0  0.0 52.2 91 50.0 58.0 129 50.0  0.0  1.0  1.7  0.4\n'
WIPER [9.1 Hz] b'111510.0 1 1 12.4  0.0  0.0  1.0  0.0 47.6 91 50.0 46.6 129 50.0  0.0  1.0 -6.9  0.5\n'
WIPER b'111599.0 1 1 11.0  0.0  0.0  1.0  0.0 44.5 103 50.0 44.5 141 50.0  0.0  1.0 -5.9  0.5\n'
WIPER [9.1 Hz] b'111688.0 1 1 12.4  0.0  0.0  1.0  0.0 45.0 103 50.0 47.0 141 50.0  0.0  1.0 -6.5  0.5\n'
WIPER [7.9 Hz] b'111778.0 1 1 12.4  0.0  0.0  1.0  0.0 52.6 99 50.0 53.5 135 50.0  0.0  1.0 -5.2  0.5\n'
WIPER [10.2 Hz] b'111866.0 1 1  9.8  0.0  0.0  1.0  0.0 55.6 99 50.0 56.5 135 50.0  0.0  1.0 -7.7  0.5\n'
WIPER [10.2 Hz] b'111955.0 1 1 12.4  0.0  0.0  1.0  0.0 54.0 93 50.0 54.9 127 50.0  0.0  1.0 -6.9  0.6\n'
WIPER [153.4 Hz] b'112043.0 1 1 10.2  0.0  0.0  1.0  0.0 50.7 93 50.0 49.7 127 50.0  0.0  1.0 -6.1  0.6\n'
WIPER [8.8 Hz] b'112132.0 1 1 12.4  0.0  0.0  1.0  0.0 49.4 95 50.0 47.4 133 50.0  0.0  1.0  4.7  0.6\n'
WIPER [10.6 Hz] b'112220.0 1 1 10.0  0.0  0.0  1.0  0.0 47.5 95 50.0 48.5 133 50.0  0.0  1.0 11.5  0.6\n'
WIPER [9.0 Hz] b'112308.0 1 1 10.3  0.0  0.0  1.0  0.0 44.6 67 30.0 44.6 -15 -30.0  0.0  1.0 -9.1  0.6\n'
WIPER [9.1 Hz] b'112398.0 1 1 12.4  0.0  0.0  1.0  0.0 32.6 67 50.0  1.0 -15 50.0  0.0  1.0 -7.1  0.6\n'
WIPER [9.1 Hz] b'112486.0 1 1 12.4  0.0  0.0  1.0  0.0 17.5 133 50.0 -3.9 93 50.0  0.0  1.0 -8.6  0.6\n'
WIPER b'112574.0 1 1  9.7  0.0  0.0  1.0  0.0 37.8 133 50.0 21.3 93 50.0  0.0  1.0 -11.0  0.6\n'
WIPER [10.6 Hz] b'112664.0 1 1 12.4  0.0  0.0  1.0  0.0 62.4 -51 -30.0 19.2 115 30.0  0.0  1.0 -12.2  0.6\n'
WIPER [7.9 Hz] b'112755.0 1 1 12.4  0.0  0.0  1.0  0.0  7.5 -51 -30.0 23.4 115 30.0  0.0  1.0 -17.1  0.6\n'
WIPER [10.6 Hz] b'112846.0 1 1 12.4  0.0  0.0  1.0  0.0 -7.5 -95 -30.0 12.2 151 30.0  0.0  1.0 -13.5  0.6\n'
WIPER [9.1 Hz] b'112939.0 1 1  9.0  0.0  0.0  1.0  0.0 -6.6 -95 -30.0 20.6 151 30.0  0.0  1.0 -6.6  0.6\n'
WIPER [7.9 Hz] b'113029.0 1 1 10.9  0.0  0.0  1.0  0.0 -6.6 19 50.0 31.2 189 50.0  0.0  1.0 -10.0  0.6\n'
WIPER b'113119.0 1 1 12.4  0.0  0.0  1.0  0.0  7.7 19 -30.0 50.8 189 30.0  0.0  1.0 -12.1  0.6\n'
WIPER [9.6 Hz] b'113209.0 1 1 12.4  0.0  0.0  1.0  0.0  7.6 -55 -30.0 61.8 127 30.0  0.0  1.0 -1.4  0.6\n'
WIPER [10.0 Hz] b'113299.0 1 1 12.4  0.0  0.0  1.0  0.0 -11.3 -55 50.0 44.4 127 50.0  0.0  1.0  1.2  0.7\n'
WIPER [8.0 Hz] b'113390.0 1 1 12.4  0.0  0.0  1.0  0.0 -3.8 53 50.0 23.7 181 50.0  0.0  1.0  8.0  0.7\n'
WIPER [10.6 Hz] b'113478.0 1 1 12.4  0.0  0.0  1.0  0.0 11.6 53 50.0 31.0 181 50.0  0.0  1.0  5.7  0.7\n'
WIPER [10.6 Hz] b'113567.0 1 1 12.4  0.0  0.0  1.0  0.0  1.0 153 50.0 42.5 197 50.0  0.0  1.0 20.1  0.7\n'
WIPER b'113656.0 1 1 12.4  0.0  0.0  1.0  0.0 23.1 153 30.0 42.3 197 -30.0  0.0  1.0 22.1  0.7\n'
WIPER [9.0 Hz] b'113746.0 1 1 12.4  0.0  0.0  1.0  0.0 26.5 161 30.0 54.0 31 -30.0  0.0  1.0 20.5  0.7\n'
WIPER [10.6 Hz] b'113836.0 1 1 12.4  0.0  0.0  1.0  0.0 35.5 161 30.0 14.4 31 -30.0  0.0  1.0 21.8  0.7\n'
WIPER [7.1 Hz] b'113926.0 1 1 11.0  0.0  0.0  1.0  0.0 43.1 135 30.0 -0.0 -29 -30.0  0.0  1.0 10.4  0.7\n'
WIPER [9.9 Hz] b'114016.0 1 1  8.8  0.0  0.0  1.0  0.0 43.6 135 30.0 -12.3 -29 -30.0  0.0  1.0  8.1  0.7\n'
WIPER [10.0 Hz] b'114107.0 1 1  9.1  0.0  0.0  1.0  0.0 44.9 147 50.0 -8.4 89 50.0  0.0  1.0  7.2  0.7\n'
WIPER b'114196.0 1 1  8.4  0.0  0.0  1.0  0.0 47.5 147 50.0 17.5 89 50.0  0.0  1.0 -5.2  0.7\n'
WIPER [9.9 Hz] b'114284.0 1 1 12.4  0.0  0.0  1.0  0.0 52.4 143 50.0  7.8 175 50.0  0.0  1.0  5.8  0.7\n'
WIPER [7.9 Hz] b'114374.0 1 1 12.4  0.0  0.0  1.0  0.0 56.5 143 50.0 31.6 175 50.0  0.0  1.0  9.5  0.7\n'
WIPER [10.6 Hz] b'114463.0 1 1 11.4  0.0  0.0  1.0  0.0 69.0 103 50.0 46.0 183 50.0  0.0  1.0 -9.7  0.7\n'
WIPER [9.1 Hz] b'114552.0 1 1 12.4  0.0  0.0  1.0  0.0 64.1 103 50.0 53.6 183 50.0  0.0  1.0  4.3  0.8\n'
WIPER b'114642.0 1 1 12.4  0.0  0.0  1.0  0.0 59.2 85 50.0 59.2 165 50.0  0.0  1.0  6.8  0.8\n'
WIPER [7.9 Hz] b'114731.0 1 1 12.4  0.0  0.0  1.0  0.0 58.5 85 50.0 66.3 165 50.0  0.0  1.0 -5.0  0.8\n'
WIPER [10.5 Hz] b'114820.0 1 1 12.4  0.0  0.0  1.0  0.0 57.0 73 50.0 68.5 127 50.0  0.0  1.0 -5.3  0.8\n'
WIPER [9.1 Hz] b'114908.0 1 1 12.4  0.0  0.0  1.0  0.0 53.4 73 50.0 60.2 127 50.0  0.0  1.0 -12.2  0.8\n'
WIPER [9.1 Hz] b'114997.0 1 1 12.4  0.0  0.0  1.0  0.0 47.2 -81 -30.0 54.9 79 30.0  0.0  1.0 -8.8  0.8\n'
WIPER [9.0 Hz] b'115086.0 1 1  9.6  0.0  0.0  1.0  0.0 -2.9 -81 50.0 38.2 79 50.0  0.0  1.0 -9.6  0.9\n'
WIPER b'115174.0 1 1  9.8  0.0  0.0  1.0  0.0 -11.7 43 50.0 15.6 149 50.0  0.0  1.0 -2.3  0.9\n'
WIPER [10.6 Hz] b'115264.0 1 1 12.4  0.0  0.0  1.0  0.0 16.3 43 50.0 33.5 149 50.0  0.0  1.0 -5.2  0.9\n'
WIPER [10.1 Hz] b'115352.0 1 1 12.4  0.0  0.0  1.0  0.0 10.7 123 50.0 55.2 139 50.0  0.0  1.0  1.1  0.9\n'
WIPER [8.9 Hz] b'115442.0 1 1 10.8  0.0  0.0  1.0  0.0 33.4 123 50.0 54.5 139 50.0  0.0  1.0  1.8  0.9\n'
WIPER [8.5 Hz] b'115531.0 1 1 10.4  0.0  0.0  1.0  0.0 46.0 133 50.0 58.4 123 50.0  0.0  1.0 10.0  0.9\n'
WIPER [8.4 Hz] b'115620.0 1 1  9.1  0.0  0.0  1.0  0.0 55.8 133 30.0 56.7 123 -30.0  0.0  1.0 12.5  0.9\n'
WIPER [116.4 Hz] b'115710.0 1 1 10.6  0.0  0.0  1.0  0.0 61.8 71 30.0 50.4 -37 -30.0  0.0  1.0 15.4  0.9\n'
WIPER [11.3 Hz] b'115801.0 1 1 12.4  0.0  0.0  1.0  0.0 37.4 71 30.0 -5.8 -37 -30.0  0.0  1.0  2.1  0.9\n'
WIPER [10.6 Hz] b'115890.0 1 1 12.4  0.0  0.0  1.0  0.0 15.3 141 50.0 -6.7 77 50.0  0.0  1.0  6.7  0.9\n'
WIPER [7.9 Hz] b'115979.0 1 1 12.4  0.0  0.0  1.0  0.0 32.0 141 50.0 14.5 77 50.0  0.0  1.0 -11.2  0.9\n'
WIPER [9.0 Hz] b'116068.0 1 1  9.1  0.0  0.0  1.0  0.0 52.8 -23 -30.0  2.9 133 30.0  0.0  1.0 -7.8  0.9\n'
WIPER [10.6 Hz] b'116158.0 1 1 12.4  0.0  0.0  1.0  0.0  8.5 -23 50.0 22.7 133 50.0  0.0  1.0 -6.9  0.9\n'
WIPER b'116248.0 1 1 12.4  0.0  0.0  1.0  0.0 -4.8 87 50.0 13.4 207 50.0  0.0  1.0 -5.2  0.9\n'
WIPER [7.9 Hz] b'116336.0 1 1 12.4  0.0  0.0  1.0  0.0 23.2 87 50.0 31.0 207 50.0  0.0  1.0  3.9  0.9\n'
WIPER [12.7 Hz] b'116425.0 1 1 12.4  0.0  0.0  1.0  0.0 36.7 115 50.0 56.9 195 50.0  0.0  1.0  4.7  1.0\n'
WIPER [7.9 Hz] b'116514.0 1 1 12.4  0.0  0.0  1.0  0.0 49.2 115 50.0 69.4 195 50.0  0.0  1.0 15.6  1.0\n'
WIPER [10.7 Hz] b'116603.0 1 1  9.9  0.0  0.0  1.0  0.0 54.7 67 30.0 79.7 -25 -30.0  0.0  1.0 -1.3  1.0\n'
WIPER b'116692.0 1 1  9.2  0.0  0.0  1.0  0.0 35.4 67 50.0 10.5 -25 50.0  0.0  1.0 -5.6  1.0\n'
WIPER [9.1 Hz] b'116782.0 1 1 12.4  0.0  0.0  1.0  0.0 12.6 143 50.0 -6.8 89 50.0  0.0  1.0  2.5  1.0\n'
WIPER [7.3 Hz] b'116870.0 1 1 12.4  0.0  0.0  1.0  0.0 33.9 143  0.0 20.3 89  0.0  0.0  1.0  9.1  1.0\n'
WIPER [11.1 Hz] b'116958.0 1 1 12.4  0.0  0.0  1.0  0.0 60.3 23  0.0 20.4 49  0.0  0.0  1.0 -7.8  1.0\n'
WIPER [9.2 Hz] b'117046.0 1 1 12.4  0.0  0.0  1.0  0.0 28.4 23  0.0  8.8 49  0.0  0.0  1.0 -5.2  1.0\n'
WIPER [281.7 Hz] b'117133.0 1 1 12.4  0.0  0.0  1.0  0.0  0.0 23  0.0 -0.0 49  0.0  0.0  1.0 -6.2  1.0\n'
WIPER [11.0 Hz] b'117220.0 1 1 12.4  0.0  0.0  1.0  0.0  0.0 23  0.0 -0.0 49  0.0  0.0  1.0 -5.9  1.0\n'
WIPER [7.7 Hz] b'117307.0 1 1 12.4  0.0  0.0  1.0  0.0  0.0 23  0.0 -0.0 49  0.0  0.0  1.0 -6.5  1.0\n'
WIPER [9.3 Hz] b'117395.0 1 1 12.4  0.0  0.0  1.0  0.0  0.0 23  0.0 -0.0 49  0.0  0.0  1.0 -5.0  1.0\n'
WIPER [10.6 Hz] b'117482.0 1 1 12.2  0.0  0.0  1.0  0.0  0.0 23  0.0 -0.0 49  0.0  0.0  1.0 -6.0  1.0\n'
WIPER [9.1 Hz] b'117569.0 1 1 12.4  0.0  0.0  1.0  0.0  0.0 23  0.0 -0.0 49  0.0  0.0  1.0 -5.5  1.0\n'
WIPER b'117657.0 1 1 12.4  0.0  0.0  1.0  0.0  0.0 23  0.0 -0.0 49  0.0  0.0  1.0 -6.0  1.0\n'
WIPER [7.9 Hz] b'117744.0 1 1 12.4  0.0  0.0  1.0  0.0  0.0 23  0.0 -0.0 49  0.0  0.0  1.0 -5.5  1.0\n'
WIPER [10.6 Hz] b'117831.0 1 1 12.4  0.0  0.0  1.0  0.0  0.0 23  0.0 -0.0 49  0.0  0.0  1.0 -6.0  1.0\n'
WIPER [10.7 Hz] b'117919.0 1 1 12.4  0.0  0.0  1.0  0.0  0.0 23  0.0 -0.0 49  0.0  0.0  1.0 -4.5  1.0\n'
WIPER [10.6 Hz] b'118006.0 1 1 12.4  0.0  0.0  1.0  0.0  0.0 23  0.0 -0.0 49  0.0  0.0  1.0 -6.5  1.0\n'
WIPER b'118093.0 1 1 12.4  0.0  0.0  1.0  0.0  0.0 23  0.0 -0.0 49  0.0  0.0  1.0 -5.6  1.0\n'
WIPER [0.9 Hz] b'119181.0 0 1 12.4  0.0  0.0  1.0  0.0  0.0 23  0.0 -0.0 49  0.0  0.0  1.0 -6.3  0.0\n'
WIPER [10.5 Hz] b'119205.0 0 1 12.4  0.0  0.0  1.0  0.0  0.0 23  0.0 -3.5 49  0.0  0.0  1.0 -6.1  0.0\n'
WIPER [9.0 Hz] b'119293.0 0 1 12.4  0.0  0.0  1.0  0.0  0.0 23  0.0 -0.0 49  0.0  0.0  1.0 -6.4 -0.0\n'
WIPER [9.1 Hz] b'119380.0 0 1 12.4  0.0  0.0  1.0  0.0  0.0 23  0.0 -0.0 49  0.0  0.0  1.0 -6.4 -0.0\n'
WIPER [7.9 Hz] b'119468.0 0 1 12.4  0.0  0.0  1.0  0.0  0.0 23  0.0 -0.0 49  0.0  0.0  1.0 -6.7 -0.0\n'
WIPER b'119555.0 0 1 12.4  0.0  0.0  1.0  0.0  0.0 23  0.0 -0.0 49  0.0  0.0  1.0 -6.1 -0.0\n'
WIPER [10.6 Hz] b'119643.0 0 1 12.4  0.0  0.0  1.0  0.0  0.0 23  0.0 -0.0 49  0.0  0.0  1.0 -6.2 -0.0\n'
WIPER [10.6 Hz] b'119730.0 0 1 12.4  0.0  0.0  1.0  0.0  0.0 23  0.0 -0.0 49  0.0  0.0  1.0 -5.8 -0.0\n'
WIPER [7.9 Hz] b'119817.0 0 1 12.4  0.0  0.0  1.0  0.0  0.0 23  0.0 -0.0 49  0.0  0.0  1.0 -6.2 -0.0\n'
WIPER [10.5 Hz] b'119905.0 0 1 12.4  0.0  0.0  1.0  0.0  0.0 23  0.0 -0.0 49  0.0  0.0  1.0 -6.3 -0.0\n'
WIPER b'119992.0 0 1 12.4  0.0  0.0  1.0  0.0  0.0 23  0.0 -0.0 49  0.0  0.0  1.0 -5.9 -0.0\n'
WIPER [9.1 Hz] b'120079.0 0 1 12.4  0.0  0.0  1.0  0.0  0.0 23  0.0 -0.0 49  0.0  0.0  1.0 -6.4 -0.0\n'
WIPER [9.1 Hz] b'120167.0 0 1 12.4  0.0  0.0  1.0  0.0  0.0 23  0.0 -0.0 49  0.0  0.0  1.0 -6.2 -0.0\n'
WIPER [8.0 Hz] b'120254.0 0 1 12.4  0.0  0.0  1.0  0.0  0.0 23  0.0 -0.0 49  0.0  0.0  1.0 -6.2 -0.0\n'
WIPER [9.9 Hz] b'120341.0 0 1 12.4  0.0  0.0  1.0  0.0  0.0 23  0.0 -0.0 49  0.0  0.0  1.0 -5.8 -0.0\n'
WIPER b'120429.0 0 1 12.4  0.0  0.0  1.0  0.0  0.0 23  0.0 -0.0 49  0.0  0.0  1.0 -6.2 -0.0\n'
WIPER [10.0 Hz] b'120516.0 0 1 12.4  0.0  0.0  1.0  0.0  0.0 23  0.0 -0.0 49  0.0  0.0  1.0 -6.0 -0.0\n'
WIPER [10.0 Hz] b'120603.0 0 1 12.4  0.0  0.0  1.0  0.0  0.0 23  0.0 -0.0 49  0.0  0.0  1.0 -6.1 -0.0\n'
WIPER [8.0 Hz] b'120691.0 0 1 12.4  0.0  0.0  1.0  0.0  0.0 23  0.0 -0.0 49  0.0  0.0  1.0 -6.5 -0.0\n'
WIPER [9.2 Hz] b'120778.0 0 1 12.4  0.0  0.0  1.0  0.0  0.0 23  0.0 -0.0 49  0.0  0.0  1.0 -6.4 -0.0\n'
WIPER b'120865.0 0 1 12.4  0.0  0.0  1.0  0.0  0.0 23  0.0 -0.0 49  0.0  0.0  1.0 -5.9 -0.0\n'
WIPER [10.6 Hz] b'120952.0 0 1 12.4  0.0  0.0  1.0  0.0  0.0 23  0.0 -0.0 49  0.0  0.0  1.0 -6.1 -0.0\n'
WIPER [9.1 Hz] b'121040.0 0 1 12.4  0.0  0.0  1.0  0.0  0.0 23  0.0 -0.0 49  0.0  0.0  1.0 -5.9 -0.0\n'
WIPER [9.1 Hz] b'121127.0 0 1 12.4  0.0  0.0  1.0  0.0  0.0 23  0.0 -0.0 49  0.0  0.0  1.0 -6.3 -0.0\n'
WIPER [10.6 Hz] b'121214.0 0 1 12.4  0.0  0.0  1.0  0.0  0.0 23  0.0 -0.0 49  0.0  0.0  1.0 -6.2 -0.0\n'
WIPER b'121303.0 0 1 12.4  0.0  0.0  1.0  0.0  0.0 23  0.0 -0.0 49  0.0  0.0  1.0 -6.0 -0.0\n'
WIPER [7.9 Hz] b'121390.0 0 1 12.4  0.0  0.0  1.0  0.0  0.0 23  0.0 -0.0 49  0.0  0.0  1.0 -5.5 -0.0\n'
WIPER [9.1 Hz] b'121477.0 0 1 12.4  0.0  0.0  1.0  0.0  0.0 23  0.0 -0.0 49  0.0  0.0  1.0 -6.4 -0.0\n'
WIPER [10.6 Hz] b'121565.0 0 1 12.4  0.0  0.0  1.0  0.0  0.0 23  0.0 -0.0 49  0.0  0.0  1.0 -6.4 -0.0\n'
WIPER [7.7 Hz] b'121652.0 0 1 12.4  0.0  0.0  1.0  0.0  0.0 23  0.0 -0.0 49  0.0  0.0  1.0 -6.1 -0.0\n'
WIPER [10.0 Hz] b'121739.0 0 1 12.4  0.0  0.0  1.0  0.0  0.0 23  0.0 -0.0 49  0.0  0.0  1.0 -5.9 -0.0\n'
WIPER b'121827.0 0 1 12.4  0.0  0.0  1.0  0.0  0.0 23  0.0 -0.0 49  0.0  0.0  1.0 -6.3 -0.0\n'
WIPER [10.0 Hz] b'121914.0 0 1 12.4  0.0  0.0  1.0  0.0  0.0 23  0.0 -0.0 49  0.0  0.0  1.0 -6.2 -0.0\n'
WIPER [9.1 Hz] b'122001.0 0 1 12.4  0.0  0.0  1.0  0.0  0.0 23  0.0 -0.0 49  0.0  0.0  1.0 -6.1 -0.0\n'
WIPER [7.9 Hz] b'122089.0 0 1 12.4  0.0  0.0  1.0  0.0  0.0 23  0.0 -0.0 49  0.0  0.0  1.0 -6.0 -0.0\n'
WIPER [10.6 Hz] b'122176.0 0 1 12.4  0.0  0.0  1.0  0.0  0.0 23  0.0 -0.0 49  0.0  0.0  1.0 -5.8 -0.0\n'
WIPER b'122263.0 0 1 12.4  0.0  0.0  1.0  0.0  0.0 23  0.0 -0.0 49  0.0  0.0  1.0 -6.0 -0.0\n'
WIPER [10.5 Hz] b'122350.0 0 1 12.4  0.0  0.0  1.0  0.0  0.0 23  0.0 -0.0 49  0.0  0.0  1.0 -6.4 -0.0\n'
WIPER [7.9 Hz] b'122438.0 0 1 12.4  0.0  0.0  1.0  0.0  0.0 23  0.0 -0.0 49  0.0  0.0  1.0 -6.1 -0.0\n'
WIPER [10.5 Hz] b'122525.0 0 1 12.4  0.0  0.0  1.0  0.0  0.0 23  0.0 -0.0 49  0.0  0.0  1.0 -6.4 -0.0\n'
WIPER [7.9 Hz] b'122612.0 0 1 12.4  0.0  0.0  1.0  0.0  0.0 23  0.0 -0.0 49  0.0  0.0  1.0 -5.9 -0.0\n'
WIPER b'122700.0 0 1 12.4  0.0  0.0  1.0  0.0  0.0 23  0.0 -0.0 49  0.0  0.0  1.0 -6.5 -0.0\n'
WIPER [10.6 Hz] b'122787.0 0 1 12.4  0.0  0.0  1.0  0.0  0.0 23  0.0 -0.0 49  0.0  0.0  1.0 -6.3 -0.0\n'
WIPER [10.6 Hz] b'122874.0 0 1 12.4  0.0  0.0  1.0  0.0  0.0 23  0.0 -0.0 49  0.0  0.0  1.0 -5.9 -0.0\n'
WIPER [7.9 Hz] b'122962.0 0 1 12.4  0.0  0.0  1.0  0.0  0.0 23  0.0 -0.0 49  0.0  0.0  1.0 -6.1 -0.0\n'
WIPER [10.6 Hz] b'123049.0 0 1 12.4  0.0  0.0  1.0  0.0  0.0 23  0.0 -0.0 49  0.0  0.0  1.0 -6.2 -0.0\n'
WIPER b'123137.0 0 1 12.4  0.0  0.0  1.0  0.0  0.0 23  0.0 -0.0 49  0.0  0.0  1.0 -6.0 -0.0\n'
WIPER [9.1 Hz] b'123225.0 0 1 12.4  0.0  0.0  1.0  0.0  0.0 23  0.0 -0.0 49  0.0  0.0  1.0 -6.2 -0.0\n'
WIPER [8.8 Hz] b'123312.0 0 1 12.4  0.0  0.0  1.0  0.0  0.0 23  0.0 -0.0 49  0.0  0.0  1.0 -6.3 -0.0\n'
WIPER [8.1 Hz] b'123399.0 0 1 12.4  0.0  0.0  1.0  0.0  0.0 23  0.0 -0.0 49  0.0  0.0  1.0 -6.4 -0.0\n'
WIPER [10.6 Hz] b'123487.0 0 1 12.4  0.0  0.0  1.0  0.0  0.0 23  0.0 -0.0 49  0.0  0.0  1.0 -6.3 -0.0\n'
WIPER b'123574.0 0 1 12.4  0.0  0.0  1.0  0.0  0.0 23  0.0 -0.0 49  0.0  0.0  1.0 -5.9 -0.0\n'
WIPER [8.9 Hz] b'123661.0 0 1 12.4  0.0  0.0  1.0  0.0  0.0 23  0.0 -0.0 49  0.0  0.0  1.0 -6.1 -0.0\n'
WIPER [9.2 Hz] b'123748.0 0 1 12.4  0.0  0.0  1.0  0.0  0.0 23  0.0 -0.0 49  0.0  0.0  1.0 -6.4 -0.0\n'
WIPER [10.3 Hz] b'123836.0 0 1 12.4  0.0  0.0  1.0  0.0  0.0 23  0.0 -0.0 49  0.0  0.0  1.0 -6.1 -0.0\n'
WIPER [9.1 Hz] b'123923.0 0 1 12.4  0.0  0.0  1.0  0.0  0.0 23  0.0 -0.0 49  0.0  0.0  1.0 -6.1 -0.0\n'
WIPER [8.9 Hz] b'124010.0 0 1 12.4  0.0  0.0  1.0  0.0  0.0 23  0.0 -0.0 49  0.0  0.0  1.0 -6.1 -0.0\n'
WIPER b'124098.0 0 1 12.4  0.0  0.0  1.0  0.0  0.0 23  0.0 -0.0 49  0.0  0.0  1.0 -6.1 -0.0\n'
WIPER [8.0 Hz] b'124185.0 0 1 12.4  0.0  0.0  1.0  0.0  0.0 23  0.0 -0.0 49  0.0  0.0  1.0 -6.1 -0.0\n'
WIPER [10.6 Hz] b'124272.0 0 1 12.4  0.0  0.0  1.0  0.0  0.0 23  0.0 -0.0 49  0.0  0.0  1.0 -6.4 -0.0\n'
WIPER [10.6 Hz] b'124360.0 0 1 12.4  0.0  0.0  1.0  0.0  0.0 23  0.0 -0.0 49  0.0  0.0  1.0 -6.3 -0.0\n'
WIPER [7.9 Hz] b'124447.0 0 1 12.4  0.0  0.0  1.0  0.0  0.0 23  0.0 -0.0 49  0.0  0.0  1.0 -6.0 -0.0\n'
WIPER b'124534.0 0 1 12.4  0.0  0.0  1.0  0.0  0.0 23  0.0 -0.0 49  0.0  0.0  1.0 -6.1 -0.0\n'
WIPER [10.6 Hz] b'124622.0 0 1 12.4  0.0  0.0  1.0  0.0  0.0 23  0.0 -0.0 49  0.0  0.0  1.0 -6.2 -0.0\n'
WIPER [7.8 Hz] b'124709.0 0 1 12.4  0.0  0.0  1.0  0.0  0.0 23  0.0 -0.0 49  0.0  0.0  1.0 -6.3 -0.0\n'
WIPER [10.0 Hz] b'124796.0 0 1 12.4  0.0  0.0  1.0  0.0  0.0 23  0.0 -0.0 49  0.0  0.0  1.0 -6.6 -0.0\n'
WIPER [9.6 Hz] b'124884.0 0 1 12.4  0.0  0.0  1.0  0.0  0.0 23  0.0 -0.0 49  0.0  0.0  1.0 -5.7 -0.0\n'
WIPER b'124972.0 0 1 12.4  0.0  0.0  1.0  0.0  0.0 23  0.0 -0.0 49  0.0  0.0  1.0 -6.3 -0.0\n'
WIPER [10.4 Hz] b'125059.0 0 1 12.4  0.0  0.0  1.0  0.0  0.0 23  0.0 -0.0 49  0.0  0.0  1.0 -6.3 -0.0\n'
WIPER [7.9 Hz] b'125146.0 0 1 12.4  0.0  0.0  1.0  0.0  0.0 23  0.0 -0.0 49  0.0  0.0  1.0 -6.1 -0.0\n'
WIPER [10.6 Hz] b'125234.0 0 1 12.4  0.0  0.0  1.0  0.0  0.0 23  0.0 -0.0 49  0.0  0.0  1.0 -6.3 -0.0\n'
WIPER [7.9 Hz] b'125321.0 0 1 12.4  0.0  0.0  1.0  0.0  0.0 23  0.0 -0.0 49  0.0  0.0  1.0 -5.8 -0.0\n'
WIPER b'125408.0 0 1 12.4  0.0  0.0  1.0  0.0  0.0 23  0.0 -0.0 49  0.0  0.0  1.0 -6.1 -0.0\n'
WIPER [10.6 Hz] b'125496.0 0 1 12.4  0.0  0.0  1.0  0.0  0.0 23  0.0 -0.0 49  0.0  0.0  1.0 -5.9 -0.0\n'
WIPER [9.1 Hz] b'125583.0 0 1 12.4  0.0  0.0  1.0  0.0  0.0 23  0.0 -0.0 49  0.0  0.0  1.0 -6.1 -0.0\n'
WIPER [9.0 Hz] b'125670.0 0 1 12.4  0.0  0.0  1.0  0.0  0.0 23  0.0 -0.0 49  0.0  0.0  1.0 -6.1 -0.0\n'
WIPER [10.6 Hz] b'125758.0 0 1 12.4  0.0  0.0  1.0  0.0  0.0 23  0.0 -0.0 49  0.0  0.0  1.0 -6.3 -0.0\n'
WIPER b'125845.0 0 1 12.4  0.0  0.0  1.0  0.0  0.0 23  0.0 -0.0 49  0.0  0.0  1.0 -6.5 -0.0\n'
WIPER [9.0 Hz] b'125932.0 0 1 12.4  0.0  0.0  1.0  0.0  0.0 23  0.0 -0.0 49  0.0  0.0  1.0 -6.0 -0.0\n'
WIPER [7.9 Hz] b'126020.0 0 1 12.4  0.0  0.0  1.0  0.0  0.0 23  0.0 -0.0 49  0.0  0.0  1.0 -6.1 -0.0\n'
WIPER [10.1 Hz] b'126107.0 0 1 12.4  0.0  0.0  1.0  0.0  0.0 23  0.0 -0.0 49  0.0  0.0  1.0 -6.2 -0.0\n'
WIPER [9.5 Hz] b'126194.0 0 1 12.4  0.0  0.0  1.0  0.0  0.0 23  0.0 -0.0 49  0.0  0.0  1.0 -6.1 -0.0\n'
WIPER [7.9 Hz] b'126282.0 0 1 12.4  0.0  0.0  1.0  0.0  0.0 23  0.0 -0.0 49  0.0  0.0  1.0 -5.8 -0.0\n'
WIPER b'126369.0 0 1 12.4  0.0  0.0  1.0  0.0  0.0 23  0.0 -0.0 49  0.0  0.0  1.0 -5.9 -0.0\n'
WIPER [10.6 Hz] b'126456.0 0 1 12.4  0.0  0.0  1.0  0.0  0.0 23  0.0 -0.0 49  0.0  0.0  1.0 -5.8 -0.0\n'
WIPER [10.6 Hz] b'126543.0 0 1 12.4  0.0  0.0  1.0  0.0  0.0 23  0.0 -0.0 49  0.0  0.0  1.0 -6.1 -0.0\n'
WIPER [8.0 Hz] b'126631.0 0 1 12.4  0.0  0.0  1.0  0.0  0.0 23  0.0 -0.0 49  0.0  0.0  1.0 -6.2 -0.0\n'
WIPER [10.6 Hz] b'126718.0 0 1 12.4  0.0  0.0  1.0  0.0  0.0 23  0.0 -0.0 49  0.0  0.0  1.0 -6.0 -0.0\n'
WIPER b'126806.0 0 1 12.4  0.0  0.0  1.0  0.0  0.0 23  0.0 -0.0 49  0.0  0.0  1.0 -6.3 -0.0\n'
WIPER [7.9 Hz] b'126894.0 0 1 12.4  0.0  0.0  1.0  0.0  0.0 23  0.0 -0.0 49  0.0  0.0  1.0 -5.9 -0.0\n'
WIPER [9.1 Hz] b'126981.0 0 1 12.4  0.0  0.0  1.0  0.0  0.0 23  0.0 -0.0 49  0.0  0.0  1.0 -5.9 -0.0\n'
WIPER [10.5 Hz] b'127068.0 0 1 12.4  0.0  0.0  1.0  0.0  0.0 23  0.0 -0.0 49  0.0  0.0  1.0 -6.1 -0.0\n'
WIPER [9.1 Hz] b'127156.0 0 1 12.4  0.0  0.0  1.0  0.0  0.0 23  0.0 -0.0 49  0.0  0.0  1.0 -6.1 -0.0\n'
WIPER b'127243.0 0 1 12.4  0.0  0.0  1.0  0.0  0.0 23  0.0 -0.0 49  0.0  0.0  1.0 -6.0 -0.0\n'
WIPER [10.7 Hz] b'127330.0 0 1 12.4  0.0  0.0  1.0  0.0  0.0 23  0.0 -0.0 49  0.0  0.0  1.0 -5.9 -0.0\n'
WIPER [7.3 Hz] b'127418.0 0 1 12.4  0.0  0.0  1.0  0.0  0.0 23  0.0 -0.0 49  0.0  0.0  1.0 -6.3 -0.0\n'
WIPER [10.0 Hz] b'127505.0 0 1 12.4  0.0  0.0  1.0  0.0  0.0 23  0.0 -0.0 49  0.0  0.0  1.0 -6.7 -0.0\n'
WIPER [10.0 Hz] b'127592.0 0 1 12.4  0.0  0.0  1.0  0.0  0.0 23  0.0 -0.0 49  0.0  0.0  1.0 -6.1 -0.0\n'
WIPER b'127680.0 0 1 12.4  0.0  0.0  1.0  0.0  0.0 23  0.0 -0.0 49  0.0  0.0  1.0 -6.1 -0.0\n'
WIPER [8.4 Hz] b'127767.0 0 1 12.4  0.0  0.0  1.0  0.0  0.0 23  0.0 -0.0 49  0.0  0.0  1.0 -5.9 -0.0\n'
WIPER [12.4 Hz] b'127854.0 0 1 12.4  0.0  0.0  1.0  0.0  0.0 23  0.0 -0.0 49  0.0  0.0  1.0 -5.8 -0.0\n'
WIPER [9.2 Hz] b'127941.0 0 1 12.4  0.0  0.0  1.0  0.0  0.0 23  0.0 -0.0 49  0.0  0.0  1.0 -6.0 -0.0\n'
WIPER [8.0 Hz] b'128029.0 0 1 12.4  0.0  0.0  1.0  0.0  0.0 23  0.0 -0.0 49  0.0  0.0  1.0 -6.2 -0.0\n'
WIPER b'128116.0 0 1 12.4  0.0  0.0  1.0  0.0  0.0 23  0.0 -0.0 49  0.0  0.0  1.0 -5.9 -0.0\n'
WIPER [10.5 Hz] b'128203.0 0 1 12.4  0.0  0.0  1.0  0.0  0.0 23  0.0 -0.0 49  0.0  0.0  1.0 -6.2 -0.0\n'
WIPER [9.1 Hz] b'128291.0 0 1 12.4  0.0  0.0  1.0  0.0  0.0 23  0.0 -0.0 49  0.0  0.0  1.0 -6.3 -0.0\n'
WIPER [9.1 Hz] b'128378.0 0 1 12.4  0.0  0.0  1.0  0.0  0.0 23  0.0 -0.0 49  0.0  0.0  1.0 -6.2 -0.0\n'
WIPER [9.1 Hz] b'128465.0 0 1 12.4  0.0  0.0  1.0  0.0  0.0 23  0.0 -0.0 49  0.0  0.0  1.0 -5.9 -0.0\n'
WIPER [8.0 Hz] b'128553.0 0 1 12.4  0.0  0.0  1.0  0.0  0.0 23  0.0 -0.0 49  0.0  0.0  1.0 -6.2 -0.0\n'
WIPER b'128641.0 0 1 12.4  0.0  0.0  1.0  0.0  0.0 23  0.0 -0.0 49  0.0  0.0  1.0 -6.0 -0.0\n'
WIPER [10.6 Hz] b'128728.0 0 1 12.4  0.0  0.0  1.0  0.0  0.0 23  0.0 -0.0 49  0.0  0.0  1.0 -6.1 -0.0\n'
WIPER [9.1 Hz] b'128816.0 0 1 12.4  0.0  0.0  1.0  0.0  0.0 23  0.0 -0.0 49  0.0  0.0  1.0 -6.6 -0.0\n'
WIPER [10.6 Hz] b'128903.0 0 1 12.4  0.0  0.0  1.0  0.0  0.0 23  0.0 -0.0 49  0.0  0.0  1.0 -6.4 -0.0\n'
WIPER [7.9 Hz] b'128990.0 0 1 12.4  0.0  0.0  1.0  0.0  0.0 23  0.0 -0.0 49  0.0  0.0  1.0 -6.3 -0.0\n'
WIPER b'129078.0 0 1 12.4  0.0  0.0  1.0  0.0  0.0 23  0.0 -0.0 49  0.0  0.0  1.0 -5.8 -0.0\n'
WIPER [10.5 Hz] b'129165.0 0 1 12.4  0.0  0.0  1.0  0.0  0.0 23  0.0 -0.0 49  0.0  0.0  1.0 -6.0 -0.0\n'
WIPER [9.1 Hz] b'129252.0 0 1 12.4  0.0  0.0  1.0  0.0  0.0 23  0.0 -0.0 49  0.0  0.0  1.0 -6.0 -0.0\n'
WIPER [8.0 Hz] b'129339.0 0 1 12.4  0.0  0.0  1.0  0.0  0.0 23  0.0 -0.0 49  0.0  0.0  1.0 -6.6 -0.0\n'
WIPER [10.5 Hz] b'129427.0 0 1 12.4  0.0  0.0  1.0  0.0  0.0 23  0.0 -0.0 49  0.0  0.0  1.0 -6.1 -0.0\n'
WIPER b'129514.0 0 1 12.4  0.0  0.0  1.0  0.0  0.0 23  0.0 -0.0 49  0.0  0.0  1.0 -5.3 -0.0\n'
WIPER [9.1 Hz] b'129601.0 0 1 12.4  0.0  0.0  1.0  0.0  0.0 23  0.0 -0.0 49  0.0  0.0  1.0 -7.3 -0.0\n'
WIPER [10.6 Hz] b'129689.0 0 1 12.4  0.0  0.0  1.0  0.0  0.0 23  0.0 -0.0 49  0.0  0.0  1.0 -6.0 -0.0\n'
WIPER [7.9 Hz] b'129776.0 0 1 12.4  0.0  0.0  1.0  0.0  0.0 23  0.0 -0.0 49  0.0  0.0  1.0 -5.9 -0.0\n'
WIPER [9.1 Hz] b'129863.0 0 1 12.4  0.0  0.0  1.0  0.0  0.0 23  0.0 -0.0 49  0.0  0.0  1.0 -6.4 -0.0\n'
WIPER b'129951.0 0 1 12.4  0.0  0.0  1.0  0.0  0.0 23  0.0 -0.0 49  0.0  0.0  1.0 -6.7 -0.0\n'
WIPER [10.6 Hz] b'130038.0 0 1  9.1  0.0  0.0  1.0  0.0 -2.0 23  0.0 -0.0 49  0.0  0.0  1.0 -7.1 -0.0\n'
WIPER [9.1 Hz] b'130125.0 0 1 12.4  0.0  0.0  1.0  0.0 -4.9 23  0.0 -0.0 49  0.0  0.0  1.0 -5.9 -0.0\n'
WIPER [9.1 Hz] b'130213.0 0 1 12.4  0.0  0.0  1.0  0.0 -3.9 23  0.0 -0.0 49  0.0  0.0  1.0 -3.8 -0.0\n'
WIPER [7.9 Hz] b'130300.0 0 1 12.4  0.0  0.0  1.0  0.0 -3.9 23  0.0 -0.0 49  0.0  0.0  1.0 -18.6 -0.0\n'
WIPER [10.6 Hz] b'130388.0 0 1  9.6  0.0  0.0  1.0  0.0 -1.9 23  0.0 -0.0 49  0.0  0.0  1.0 -8.9 -0.0\n'
WIPER b'130477.0 0 1 12.4  0.0  0.0  1.0  0.0  1.0 23  0.0 -0.0 49  0.0  0.0  1.0 -14.6 -0.0\n'
WIPER [9.1 Hz] b'130565.0 0 1 12.4  0.0  0.0  1.0  0.0  0.0 23  0.0 -0.0 49  0.0  0.0  1.0  9.8 -0.0\n'
WIPER [10.6 Hz] b'130652.0 0 1 12.4  0.0  0.0  1.0  0.0  0.0 23  0.0 -0.0 49  0.0  0.0  1.0  1.5 -0.0\n'
WIPER [8.0 Hz] b'130740.0 0 1 12.4  0.0  0.0  1.0  0.0  0.0 23  0.0 -0.0 49  0.0  0.0  1.0 -4.6 -0.0\n'
WIPER [10.6 Hz] b'130827.0 0 1 12.4  0.0  0.0  1.0  0.0  0.0 23  0.0 -0.0 49  0.0  0.0  1.0 -11.8 -0.0\n'
WIPER b'130915.0 0 1 12.4  0.0  0.0  1.0  0.0  0.0 23  0.0 -0.0 49  0.0  0.0  1.0 -12.4 -0.0\n'
WIPER [8.0 Hz] b'131003.0 0 1 12.4  0.0  0.0  1.0  0.0  0.0 23  0.0 -0.0 49  0.0  0.0  1.0 -9.3 -0.0\n'
WIPER [9.1 Hz] b'131091.0 0 1 12.4  0.0  0.0  1.0  0.0  0.0 23  0.0 -0.0 49  0.0  0.0  1.0 -8.7 -0.0\n'
WIPER [9.9 Hz] b'131178.0 0 1 12.4  0.0  0.0  1.0  0.0  0.0 23  0.0 -0.0 49  0.0  0.0  1.0 -12.9 -0.0\n'
WIPER [10.3 Hz] b'131266.0 0 1 12.4  0.0  0.0  1.0  0.0  0.0 23  0.0 -0.0 49  0.0  0.0  1.0 -13.8 -0.0\n'
WIPER [141.7 Hz] b'131355.0 0 1 12.4  0.0  0.0  1.0  0.0  0.0 23  0.0 -0.0 49  0.0  0.0  1.0 -12.7 -0.0\n'
WIPER [7.8 Hz] b'131443.0 0 1 12.4  0.0  0.0  1.0  0.0  0.0 23  0.0 -0.0 49  0.0  0.0  1.0 -3.3 -0.0\n'
WIPER [12.6 Hz] b'131530.0 0 1 12.4  0.0  0.0  1.0  0.0  0.0 23  0.0 -0.0 49  0.0  0.0  1.0 -5.8 -0.0\n'
WIPER [7.9 Hz] b'131618.0 0 1 12.4  0.0  0.0  1.0  0.0  0.0 23  0.0 -0.0 49  0.0  0.0  1.0 -3.3 -0.0\n'
WIPER [10.4 Hz] b'131705.0 0 1 12.4  0.0  0.0  1.0  0.0  0.0 23  0.0 -0.0 49  0.0  0.0  1.0 -0.4 -0.0\n'
WIPER [323.5 Hz] b'131792.0 0 1 12.4  0.0  0.0  1.0  0.0  0.0 23  0.0 -0.0 49  0.0  0.0  1.0 -7.6 -0.0\n'
WIPER [8.0 Hz] b'131880.0 0 1 12.4  0.0  0.0  1.0  0.0  0.0 23  0.0 -0.0 49  0.0  0.0  1.0 -2.1 -0.0\n'
WIPER [10.7 Hz] b'131968.0 0 1 12.4  0.0  0.0  1.0  0.0  0.0 23  0.0 -0.0 49  0.0  0.0  1.0 -5.2 -0.0\n'
WIPER [9.9 Hz] b'132055.0 0 1 12.4  0.0  0.0  1.0  0.0  0.0 23  0.0 -0.0 49  0.0  0.0  1.0 -5.3 -0.0\n'
WIPER [8.6 Hz] b'132143.0 0 1 12.4  0.0  0.0  1.0  0.0  0.0 23  0.0 -0.0 49  0.0  0.0  1.0 -5.1 -0.0\n'
WIPER [9.6 Hz] b'132230.0 0 1 12.4  0.0  0.0  1.0  0.0  0.0 23  0.0 -0.0 49  0.0  0.0  1.0  1.9 -0.0\n'
WIPER [460.4 Hz] b'132317.0 0 1 12.4  0.0  0.0  1.0  0.0  0.0 23  0.0 -0.0 49  0.0  0.0  1.0  4.0 -0.0\n'
WIPER [8.0 Hz] b'132405.0 0 1 12.4  0.0  0.0  1.0  0.0  0.0 23  0.0 -0.0 49  0.0  0.0  1.0  6.2 -0.0\n'
WIPER [11.2 Hz] b'132492.0 0 1 12.4  0.0  0.0  1.0  0.0  0.0 23  0.0 -0.0 49  0.0  0.0  1.0  5.6 -0.0\n'
WIPER [9.2 Hz] b'132579.0 0 1 12.4  0.0  0.0  1.0  0.0  0.0 23  0.0 -0.0 49  0.0  0.0  1.0  4.4 -0.0\n'
WIPER [9.5 Hz] b'132666.0 0 1 12.4  0.0  0.0  1.0  0.0  0.0 23  0.0 -0.0 49  0.0  0.0  1.0 -3.1 -0.0\n'
WIPER b'132754.0 0 1 12.4  0.0  0.0  1.0  0.0  0.0 23  0.0 -0.0 49  0.0  0.0  1.0 -1.6 -0.0\n'
WIPER [9.4 Hz] b'132841.0 0 1 12.4  0.0  0.0  1.0  0.0  0.0 23  0.0 -0.0 49  0.0  0.0  1.0 -3.0 -0.0\n'
WIPER [7.7 Hz] b'132928.0 0 1 12.4  0.0  0.0  1.0  0.0  0.0 23  0.0 -0.0 49  0.0  0.0  1.0 17.6 -0.0\n'
WIPER [9.8 Hz] b'133016.0 0 1 12.4  0.0  0.0  1.0  0.0  0.0 23  0.0 -0.0 49  0.0  0.0  1.0 -22.4 -0.0\n'
WIPER [9.4 Hz] b'133104.0 0 1 12.4  0.0  0.0  1.0  0.0  0.0 23  0.0 -0.0 49  0.0  0.0  1.0 -1.2 -0.0\n'
WIPER b'133191.0 0 1 12.4  0.0  0.0  1.0  0.0  0.0 23  0.0 -0.0 49  0.0  0.0  1.0 -2.4 -0.0\n'
WIPER [9.9 Hz] b'133279.0 0 1 12.4  0.0  0.0  1.0  0.0  0.0 23  0.0 -0.0 49  0.0  0.0  1.0 -3.0 -0.0\n'
WIPER [8.4 Hz] b'133366.0 0 1 12.4  0.0  0.0  1.0  0.0  0.0 23  0.0 -0.0 49  0.0  0.0  1.0 -2.5 -0.0\n'
WIPER [10.1 Hz] b'133453.0 0 1 12.4  0.0  0.0  1.0  0.0  0.0 23  0.0 -0.0 49  0.0  0.0  1.0 -2.8 -0.0\n'
WIPER [10.0 Hz] b'133541.0 0 1 12.4  0.0  0.0  1.0  0.0  0.0 23  0.0 -0.0 49  0.0  0.0  1.0 -2.9 -0.0\n'
WIPER [87.2 Hz] b'133628.0 0 1 12.4  0.0  0.0  1.0  0.0  0.0 23  0.0 -0.0 49  0.0  0.0  1.0 -2.6 -0.0\n'
WIPER [10.1 Hz] b'133715.0 0 1 12.4  0.0  0.0  1.0  0.0  0.0 23  0.0 -0.0 49  0.0  0.0  1.0 -2.8 -0.0\n'
WIPER [8.2 Hz] b'133804.0 0 1 12.4  0.0  0.0  1.0  0.0  0.0 23  0.0 -0.0 49  0.0  0.0  1.0 -2.5 -0.0\n'
WIPER [10.1 Hz] b'133891.0 0 1 12.4  0.0  0.0  1.0  0.0  0.0 23  0.0 -0.0 49  0.0  0.0  1.0 -3.1 -0.0\n'
WIPER [9.9 Hz] b'133978.0 0 1 12.4  0.0  0.0  1.0  0.0  0.0 23  0.0 -0.0 49  0.0  0.0  1.0 -2.7 -0.0\n'
WIPER b'134065.0 0 1 12.4  0.0  0.0  1.0  0.0  0.0 23  0.0 -0.0 49  0.0  0.0  1.0 -2.5 -0.0\n'
WIPER [9.3 Hz] b'134153.0 0 1 12.4  0.0  0.0  1.0  0.0  0.0 23  0.0 -0.0 49  0.0  0.0  1.0 -2.4 -0.0\n'
WIPER [9.2 Hz] b'134240.0 0 1 12.4  0.0  0.0  1.0  0.0  0.0 23  0.0 -0.0 49  0.0  0.0  1.0 -2.8 -0.0\n'
WIPER [7.9 Hz] b'134327.0 0 1 12.4  0.0  0.0  1.0  0.0  0.0 23  0.0 -0.0 49  0.0  0.0  1.0 -2.6 -0.0\n'
WIPER [10.6 Hz] b'134415.0 0 1 12.4  0.0  0.0  1.0  0.0  0.0 23  0.0 -0.0 49  0.0  0.0  1.0 -2.1 -0.0\n'
WIPER [9.6 Hz] b'134502.0 0 1 12.4  0.0  0.0  1.0  0.0  0.0 23  0.0 -0.0 49  0.0  0.0  1.0 -3.1 -0.0\n'
WIPER b'134589.0 0 1 12.4  0.0  0.0  1.0  0.0  0.0 23  0.0 -0.0 49  0.0  0.0  1.0 -2.7 -0.0\n'
WIPER [10.0 Hz] b'134677.0 0 1 12.4  0.0  0.0  1.0  0.0  0.0 23  0.0 -0.0 49  0.0  0.0  1.0 -2.7 -0.0\n'
WIPER [8.0 Hz] b'134764.0 0 1 12.4  0.0  0.0  1.0  0.0  0.0 23  0.0 -0.0 49  0.0  0.0  1.0 -2.4 -0.0\n'
WIPER [10.6 Hz] b'134851.0 0 1 12.4  0.0  0.0  1.0  0.0  0.0 23  0.0 -0.0 49  0.0  0.0  1.0 -2.7 -0.0\n'
WIPER [7.9 Hz] b'134939.0 0 1 12.4  0.0  0.0  1.0  0.0  0.0 23  0.0 -0.0 49  0.0  0.0  1.0 -2.8 -0.0\n'
WIPER b'135026.0 0 1 12.4  0.0  0.0  1.0  0.0  0.0 23  0.0 -0.0 49  0.0  0.0  1.0 -2.7 -0.0\n'
WIPER [10.6 Hz] b'135113.0 0 1 12.4  0.0  0.0  1.0  0.0  0.0 23  0.0 -0.0 49  0.0  0.0  1.0 -2.7 -0.0\n'
WIPER [9.9 Hz] b'135201.0 0 1 12.4  0.0  0.0  1.0  0.0  0.0 23  0.0 -0.0 49  0.0  0.0  1.0 -2.2 -0.0\n'
WIPER [7.8 Hz] b'135288.0 0 1 12.4  0.0  0.0  1.0  0.0  0.0 23  0.0 -0.0 49  0.0  0.0  1.0 -3.1 -0.0\n'
WIPER [9.2 Hz] b'135375.0 0 1 12.4  0.0  0.0  1.0  0.0  0.0 23  0.0 -0.0 49  0.0  0.0  1.0 -2.7 -0.0\n'
WIPER b'135462.0 0 1 12.4  0.0  0.0  1.0  0.0  0.0 23  0.0 -0.0 49  0.0  0.0  1.0 -2.7 -0.0\n'
WIPER [10.5 Hz] b'135550.0 0 1 12.4  0.0  0.0  1.0  0.0  0.0 23  0.0 -0.0 49  0.0  0.0  1.0 -2.6 -0.0\n'
WIPER [9.1 Hz] b'135638.0 0 1 12.4  0.0  0.0  1.0  0.0  0.0 23  0.0 -0.0 49  0.0  0.0  1.0 -2.4 -0.0\n'
WIPER [9.2 Hz] b'135725.0 0 1 12.4  0.0  0.0  1.0  0.0  0.0 23  0.0 -0.0 49  0.0  0.0  1.0 -2.9 -0.0\n'
WIPER [8.9 Hz] b'135813.0 0 1 12.4  0.0  0.0  1.0  0.0  0.0 23  0.0 -0.0 49  0.0  0.0  1.0 -2.5 -0.0\n'
WIPER [68.8 Hz] b'135900.0 0 1 12.4  0.0  0.0  1.0  0.0  0.0 23  0.0 -0.0 49  0.0  0.0  1.0 -2.7 -0.0\n'